Workbook

Sheet Data
A1: Jarak Stasiun Kalbar-Pontianak kota: | F1: 14.2 | O1: Jarak Stasiun Pontianak kota-Kalbar | T1: 14.2 | AQ1: Jarak Stasiun Supadio-Pontianak kota: | AV1: 25 | AW1: km | BE1: Jarak Stasiun Supadio-Kalbar | BI1: 37.6
A2: Jarak Stasiun Kalbar-maritim pontianak: | F2: 20.3 | O2: Jarak Stasiun zPontianak kota- maritim pontianak | T2: 7.9 | AQ2: Jarak Stasiun Supadio-maritim pontianak: | AV2: 17.3 | AW2: km
O3: Jarak Stasiun Pontianak kota-Supadio | T3: 25
A5: Klim. Kalimantan Barat | O5: ARR Pontianak Kota | AC5: Meteorologi maritim Pontianak | AQ5: Meteorologi Supadio (2 stasiun) | BE5: Meteorologi Supadio (3 stasiun)
A7: Tahun 2013 | O7: Tahun 2013 | AC7: Tahun 2013 | AQ7: Tahun 2013 | BE7: Tahun 2013
B8: Bulan | P8: Bulan | AD8: Bulan | AR8: Bulan | BF8: Bulan
B9: Jan | C9: Feb | D9: Mar | E9: Apr | F9: Mei | G9: Jun | H9: Jul | I9: Agt | J9: Sept | K9: Okt | L9: Nov | M9: Des | P9: Jan | Q9: Feb | R9: Mar | S9: Apr | T9: Mei | U9: Jun | V9: Jul | W9: Agt | X9: Sept | Y9: Okt | Z9: Nov | AA9: Des | AD9: Jan | AE9: Feb | AF9: Mar | AG9: Apr | AH9: Mei | AI9: Jun | AJ9: Jul | AK9: Agt | AL9: Sept | AM9: Okt | AN9: Nov | AO9: Des | AR9: Jan | AS9: Feb | AT9: Mar | AU9: Apr | AV9: Mei | AW9: Jun | AX9: Jul | AY9: Agt | AZ9: Sept | BA9: Okt | BB9: Nov | BC9: Des | BF9: Jan | BG9: Feb | BH9: Mar | BI9: Apr | BJ9: Mei | BK9: Jun | BL9: Jul | BM9: Agt | BN9: Sept | BO9: Okt | BP9: Nov | BQ9: Des
A10: 1 | B10: =IF('Data 2'!B10<0.1,0,'Data 2'!B10) -> 32.901129 | C10: =IF('Data 2'!C10<0.1,0,'Data 2'!C10) -> 3.4826129 | D10: =IF('Data 2'!D10<0.1,0,'Data 2'!D10) -> 0 | E10: =IF('Data 2'!E10<0.1,0,'Data 2'!E10) -> 3.7741613 | F10: =IF('Data 2'!F10<0.1,0,'Data 2'!F10) -> 8.7617258 | G10: =IF('Data 2'!G10<0.1,0,'Data 2'!G10) -> 0 | H10: =IF('Data 2'!H10<0.1,0,'Data 2'!H10) -> 22.86221 | I10: =IF('Data 2'!I10<0.1,0,'Data 2'!I10) -> 1.3429032 | ... M10: =IF('Data 2'!M10<0.1,0,'Data 2'!M10) -> 18.127581 | O10: 1 | P10: ='Stasiun Pontianak Kota'!Q52 -> 49 | Q10: ='Stasiun Pontianak Kota'!R52 -> 0 | R10: ='Stasiun Pontianak Kota'!S52 -> 0 | S10: ='Stasiun Pontianak Kota'!T52 -> 2 | T10: ='Stasiun Pontianak Kota'!U52 -> 13 | U10: ='Stasiun Pontianak Kota'!V52 -> 0 | V10: ='Stasiun Pontianak Kota'!W52 -> 34 | W10: ='Stasiun Pontianak Kota'!X52 -> 2 | ... AA10: ='Stasiun Pontianak Kota'!AB52 -> 4 | AC10: 1 | AD10: ='Sta. Meteorologi pnk'!B8 -> 0 | AE10: ='Sta. Meteorologi pnk'!C8 -> 10.6 | AF10: ='Sta. Meteorologi pnk'!D8 -> 0 | AG10: ='Sta. Meteorologi pnk'!E8 -> 7.4 | AH10: ='Sta. Meteorologi pnk'!F8 -> 0.1 | AI10: ='Sta. Meteorologi pnk'!G8 -> 0.3 | AJ10: ='Sta. Meteorologi pnk'!H8 -> 0.1 | AK10: ='Sta. Meteorologi pnk'!I8 -> 0 | ... AO10: ='Sta. Meteorologi pnk'!M8 -> 47 | AQ10: 1 | AR10: =((P10/($AV$1^2))+(AD10/($AV$2^2)))/((1/($AV$1^2))+(1/($AV$2^2))) -> 15.86646 | AS10: =((Q10/($AV$1^2))+(AE10/($AV$2^2)))/((1/($AV$1^2))+(1/($AV$2^2))) -> 7.1676638 | AT10: =((R10/($AV$1^2))+(AF10/($AV$2^2)))/((1/($AV$1^2))+(1/($AV$2^2))) -> 0 | AU10: =((S10/($AV$1^2))+(AG10/($AV$2^2)))/((1/($AV$1^2))+(1/($AV$2^2))) -> 5.6514514 | AV10: =((T10/($AV$1^2))+(AH10/($AV$2^2)))/((1/($AV$1^2))+(1/($AV$2^2))) -> 4.2770884 | AW10: =((U10/($AV$1^2))+(AI10/($AV$2^2)))/((1/($AV$1^2))+(1/($AV$2^2))) -> 0.20285841 | AX10: =((V10/($AV$1^2))+(AJ10/($AV$2^2)))/((1/($AV$1^2))+(1/($AV$2^2))) -> 11.077 | AY10: =((W10/($AV$1^2))+(AK10/($AV$2^2)))/((1/($AV$1^2))+(1/($AV$2^2))) -> 0.6476106 | ... BC10: =((AA10/($AV$1^2))+(AO10/($AV$2^2)))/((1/($AV$1^2))+(1/($AV$2^2))) -> 33.076372 | BE10: 1 | BF10: =((B10/($BI$1^2))+(P10/($AV$1^2))+(AD10/($AV$2^2)))/((1/($BI$1^2))+(1/($AV$1^2))+(1/($AV$2^2))) -> 17.999599 | BG10: =((C10/($BI$1^2))+(Q10/($AV$1^2))+(AE10/($AV$2^2)))/((1/($BI$1^2))+(1/($AV$1^2))+(1/($AV$2^2))) -> 6.7062093 | BH10: =((D10/($BI$1^2))+(R10/($AV$1^2))+(AF10/($AV$2^2)))/((1/($BI$1^2))+(1/($AV$1^2))+(1/($AV$2^2))) -> 0 | BI10: =((E10/($BI$1^2))+(S10/($AV$1^2))+(AG10/($AV$2^2)))/((1/($BI$1^2))+(1/($AV$1^2))+(1/($AV$2^2))) -> 5.4163708 | BJ10: =((F10/($BI$1^2))+(T10/($AV$1^2))+(AH10/($AV$2^2)))/((1/($BI$1^2))+(1/($AV$1^2))+(1/($AV$2^2))) -> 4.8386699 | BK10: =((G10/($BI$1^2))+(U10/($AV$1^2))+(AI10/($AV$2^2)))/((1/($BI$1^2))+(1/($AV$1^2))+(1/($AV$2^2))) -> 0.17745579 | BL10: =((H10/($BI$1^2))+(V10/($AV$1^2))+(AJ10/($AV$2^2)))/((1/($BI$1^2))+(1/($AV$1^2))+(1/($AV$2^2))) -> 12.552784 | BM10: =((I10/($BI$1^2))+(W10/($AV$1^2))+(AK10/($AV$2^2)))/((1/($BI$1^2))+(1/($AV$1^2))+(1/($AV$2^2))) -> 0.7346775 | ... BQ10: =((M10/($BI$1^2))+(AA10/($AV$1^2))+(AO10/($AV$2^2)))/((1/($BI$1^2))+(1/($AV$1^2))+(1/($AV$2^2))) -> 31.204434
A11: 2 | B11: =IF('Data 2'!B11<0.1,0,'Data 2'!B11) -> 0.39425806 | C11: =IF('Data 2'!C11<0.1,0,'Data 2'!C11) -> 0.65709677 | D11: =IF('Data 2'!D11<0.1,0,'Data 2'!D11) -> 0 | E11: =IF('Data 2'!E11<0.1,0,'Data 2'!E11) -> 0 | F11: =IF('Data 2'!F11<0.1,0,'Data 2'!F11) -> 3.1129194 | G11: =IF('Data 2'!G11<0.1,0,'Data 2'!G11) -> 0 | H11: =IF('Data 2'!H11<0.1,0,'Data 2'!H11) -> 0.4271129 | I11: =IF('Data 2'!I11<0.1,0,'Data 2'!I11) -> 0 | ... M11: =IF('Data 2'!M11<0.1,0,'Data 2'!M11) -> 29.975129 | O11: 2 | P11: ='Stasiun Pontianak Kota'!Q53 -> 0 | Q11: ='Stasiun Pontianak Kota'!R53 -> 0 | R11: ='Stasiun Pontianak Kota'!S53 -> 0 | S11: ='Stasiun Pontianak Kota'!T53 -> 0 | T11: ='Stasiun Pontianak Kota'!U53 -> 4 | U11: ='Stasiun Pontianak Kota'!V53 -> 0 | V11: ='Stasiun Pontianak Kota'!W53 -> 0 | W11: ='Stasiun Pontianak Kota'!X53 -> 0 | ... AA11: ='Stasiun Pontianak Kota'!AB53 -> 42 | AC11: 2 | AD11: ='Sta. Meteorologi pnk'!B9 -> 1.2 | AE11: ='Sta. Meteorologi pnk'!C9 -> 2 | AF11: ='Sta. Meteorologi pnk'!D9 -> 0 | AG11: ='Sta. Meteorologi pnk'!E9 -> 0 | AH11: ='Sta. Meteorologi pnk'!F9 -> 1.3 | AI11: ='Sta. Meteorologi pnk'!G9 -> 0 | AJ11: ='Sta. Meteorologi pnk'!H9 -> 1.3 | AK11: ='Sta. Meteorologi pnk'!I9 -> 0 | ... AO11: ='Sta. Meteorologi pnk'!M9 -> 5.4 | AQ11: 2 | AR11: =((P11/($AV$1^2))+(AD11/($AV$2^2)))/((1/($AV$1^2))+(1/($AV$2^2))) -> 0.81143364 | AS11: =((Q11/($AV$1^2))+(AE11/($AV$2^2)))/((1/($AV$1^2))+(1/($AV$2^2))) -> 1.3523894 | AT11: =((R11/($AV$1^2))+(AF11/($AV$2^2)))/((1/($AV$1^2))+(1/($AV$2^2))) -> 0 | AU11: =((S11/($AV$1^2))+(AG11/($AV$2^2)))/((1/($AV$1^2))+(1/($AV$2^2))) -> 0 | AV11: =((T11/($AV$1^2))+(AH11/($AV$2^2)))/((1/($AV$1^2))+(1/($AV$2^2))) -> 2.1742743 | AW11: =((U11/($AV$1^2))+(AI11/($AV$2^2)))/((1/($AV$1^2))+(1/($AV$2^2))) -> 0 | AX11: =((V11/($AV$1^2))+(AJ11/($AV$2^2)))/((1/($AV$1^2))+(1/($AV$2^2))) -> 0.87905311 | AY11: =((W11/($AV$1^2))+(AK11/($AV$2^2)))/((1/($AV$1^2))+(1/($AV$2^2))) -> 0 | ... BC11: =((AA11/($AV$1^2))+(AO11/($AV$2^2)))/((1/($AV$1^2))+(1/($AV$2^2))) -> 17.251274 | BE11: 2 | BF11: =((B11/($BI$1^2))+(P11/($AV$1^2))+(AD11/($AV$2^2)))/((1/($BI$1^2))+(1/($AV$1^2))+(1/($AV$2^2))) -> 0.7591935 | BG11: =((C11/($BI$1^2))+(Q11/($AV$1^2))+(AE11/($AV$2^2)))/((1/($BI$1^2))+(1/($AV$1^2))+(1/($AV$2^2))) -> 1.2653225 | BH11: =((D11/($BI$1^2))+(R11/($AV$1^2))+(AF11/($AV$2^2)))/((1/($BI$1^2))+(1/($AV$1^2))+(1/($AV$2^2))) -> 0 | BI11: =((E11/($BI$1^2))+(S11/($AV$1^2))+(AG11/($AV$2^2)))/((1/($BI$1^2))+(1/($AV$1^2))+(1/($AV$2^2))) -> 0 | BJ11: =((F11/($BI$1^2))+(T11/($AV$1^2))+(AH11/($AV$2^2)))/((1/($BI$1^2))+(1/($AV$1^2))+(1/($AV$2^2))) -> 2.2918146 | BK11: =((G11/($BI$1^2))+(U11/($AV$1^2))+(AI11/($AV$2^2)))/((1/($BI$1^2))+(1/($AV$1^2))+(1/($AV$2^2))) -> 0 | BL11: =((H11/($BI$1^2))+(V11/($AV$1^2))+(AJ11/($AV$2^2)))/((1/($BI$1^2))+(1/($AV$1^2))+(1/($AV$2^2))) -> 0.82245963 | BM11: =((I11/($BI$1^2))+(W11/($AV$1^2))+(AK11/($AV$2^2)))/((1/($BI$1^2))+(1/($AV$1^2))+(1/($AV$2^2))) -> 0 | ... BQ11: =((M11/($BI$1^2))+(AA11/($AV$1^2))+(AO11/($AV$2^2)))/((1/($BI$1^2))+(1/($AV$1^2))+(1/($AV$2^2))) -> 18.844598
A12: 3 | B12: =IF('Data 2'!B12<0.1,0,'Data 2'!B12) -> 2.0472097 | C12: =IF('Data 2'!C12<0.1,0,'Data 2'!C12) -> 6.5381129 | D12: =IF('Data 2'!D12<0.1,0,'Data 2'!D12) -> 0 | E12: =IF('Data 2'!E12<0.1,0,'Data 2'!E12) -> 0 | F12: =IF('Data 2'!F12<0.1,0,'Data 2'!F12) -> 22.012742 | G12: =IF('Data 2'!G12<0.1,0,'Data 2'!G12) -> 0 | H12: =IF('Data 2'!H12<0.1,0,'Data 2'!H12) -> 8.2216936 | I12: =IF('Data 2'!I12<0.1,0,'Data 2'!I12) -> 0 | ... M12: =IF('Data 2'!M12<0.1,0,'Data 2'!M12) -> 8.8255161 | O12: 3 | P12: ='Stasiun Pontianak Kota'!Q54 -> 3 | Q12: ='Stasiun Pontianak Kota'!R54 -> 0 | R12: ='Stasiun Pontianak Kota'!S54 -> 0 | S12: ='Stasiun Pontianak Kota'!T54 -> 0 | T12: ='Stasiun Pontianak Kota'!U54 -> 0 | U12: ='Stasiun Pontianak Kota'!V54 -> 0 | V12: ='Stasiun Pontianak Kota'!W54 -> 12 | W12: ='Stasiun Pontianak Kota'!X54 -> 0 | ... AA12: ='Stasiun Pontianak Kota'!AB54 -> 6 | AC12: 3 | AD12: ='Sta. Meteorologi pnk'!B10 -> 0.1 | AE12: ='Sta. Meteorologi pnk'!C10 -> 19.9 | AF12: ='Sta. Meteorologi pnk'!D10 -> 0 | AG12: ='Sta. Meteorologi pnk'!E10 -> 0 | AH12: ='Sta. Meteorologi pnk'!F10 -> 67 | AI12: ='Sta. Meteorologi pnk'!G10 -> 0 | AJ12: ='Sta. Meteorologi pnk'!H10 -> 0.5 | AK12: ='Sta. Meteorologi pnk'!I10 -> 0 | ... AO12: ='Sta. Meteorologi pnk'!M10 -> 14.6 | AQ12: 3 | AR12: =((P12/($AV$1^2))+(AD12/($AV$2^2)))/((1/($AV$1^2))+(1/($AV$2^2))) -> 1.0390354 | AS12: =((Q12/($AV$1^2))+(AE12/($AV$2^2)))/((1/($AV$1^2))+(1/($AV$2^2))) -> 13.456275 | AT12: =((R12/($AV$1^2))+(AF12/($AV$2^2)))/((1/($AV$1^2))+(1/($AV$2^2))) -> 0 | AU12: =((S12/($AV$1^2))+(AG12/($AV$2^2)))/((1/($AV$1^2))+(1/($AV$2^2))) -> 0 | AV12: =((T12/($AV$1^2))+(AH12/($AV$2^2)))/((1/($AV$1^2))+(1/($AV$2^2))) -> 45.305045 | AW12: =((U12/($AV$1^2))+(AI12/($AV$2^2)))/((1/($AV$1^2))+(1/($AV$2^2))) -> 0 | AX12: =((V12/($AV$1^2))+(AJ12/($AV$2^2)))/((1/($AV$1^2))+(1/($AV$2^2))) -> 4.2237609 | AY12: =((W12/($AV$1^2))+(AK12/($AV$2^2)))/((1/($AV$1^2))+(1/($AV$2^2))) -> 0 | ... BC12: =((AA12/($AV$1^2))+(AO12/($AV$2^2)))/((1/($AV$1^2))+(1/($AV$2^2))) -> 11.815274 | BE12: 3 | BF12: =((B12/($BI$1^2))+(P12/($AV$1^2))+(AD12/($AV$2^2)))/((1/($BI$1^2))+(1/($AV$1^2))+(1/($AV$2^2))) -> 1.1652824 | BG12: =((C12/($BI$1^2))+(Q12/($AV$1^2))+(AE12/($AV$2^2)))/((1/($BI$1^2))+(1/($AV$1^2))+(1/($AV$2^2))) -> 12.589959 | BH12: =((D12/($BI$1^2))+(R12/($AV$1^2))+(AF12/($AV$2^2)))/((1/($BI$1^2))+(1/($AV$1^2))+(1/($AV$2^2))) -> 0 | BI12: =((E12/($BI$1^2))+(S12/($AV$1^2))+(AG12/($AV$2^2)))/((1/($BI$1^2))+(1/($AV$1^2))+(1/($AV$2^2))) -> 0 | BJ12: =((F12/($BI$1^2))+(T12/($AV$1^2))+(AH12/($AV$2^2)))/((1/($BI$1^2))+(1/($AV$1^2))+(1/($AV$2^2))) -> 42.388304 | BK12: =((G12/($BI$1^2))+(U12/($AV$1^2))+(AI12/($AV$2^2)))/((1/($BI$1^2))+(1/($AV$1^2))+(1/($AV$2^2))) -> 0 | BL12: =((H12/($BI$1^2))+(V12/($AV$1^2))+(AJ12/($AV$2^2)))/((1/($BI$1^2))+(1/($AV$1^2))+(1/($AV$2^2))) -> 4.7243956 | BM12: =((I12/($BI$1^2))+(W12/($AV$1^2))+(AK12/($AV$2^2)))/((1/($BI$1^2))+(1/($AV$1^2))+(1/($AV$2^2))) -> 0 | ... BQ12: =((M12/($BI$1^2))+(AA12/($AV$1^2))+(AO12/($AV$2^2)))/((1/($BI$1^2))+(1/($AV$1^2))+(1/($AV$2^2))) -> 11.440887
A13: 4 | B13: =IF('Data 2'!B13<0.1,0,'Data 2'!B13) -> 0.16427419 | C13: =IF('Data 2'!C13<0.1,0,'Data 2'!C13) -> 26.186613 | D13: =IF('Data 2'!D13<0.1,0,'Data 2'!D13) -> 0.13141935 | E13: =IF('Data 2'!E13<0.1,0,'Data 2'!E13) -> 2.1027097 | F13: =IF('Data 2'!F13<0.1,0,'Data 2'!F13) -> 58.711984 | G13: =IF('Data 2'!G13<0.1,0,'Data 2'!G13) -> 0.19712903 | H13: =IF('Data 2'!H13<0.1,0,'Data 2'!H13) -> 4.7001613 | I13: =IF('Data 2'!I13<0.1,0,'Data 2'!I13) -> 14.653258 | ... M13: =IF('Data 2'!M13<0.1,0,'Data 2'!M13) -> 4.4743226 | O13: 4 | P13: ='Stasiun Pontianak Kota'!Q55 -> 0 | Q13: ='Stasiun Pontianak Kota'!R55 -> 39 | R13: ='Stasiun Pontianak Kota'!S55 -> 0 | S13: ='Stasiun Pontianak Kota'!T55 -> 0 | T13: ='Stasiun Pontianak Kota'!U55 -> 87 | U13: ='Stasiun Pontianak Kota'!V55 -> 0 | V13: ='Stasiun Pontianak Kota'!W55 -> 7 | W13: ='Stasiun Pontianak Kota'!X55 -> 0 | ... AA13: ='Stasiun Pontianak Kota'!AB55 -> 5 | AC13: 4 | AD13: ='Sta. Meteorologi pnk'!B11 -> 0.5 | AE13: ='Sta. Meteorologi pnk'!C11 -> 0 | AF13: ='Sta. Meteorologi pnk'!D11 -> 0.4 | AG13: ='Sta. Meteorologi pnk'!E11 -> 6.4 | AH13: ='Sta. Meteorologi pnk'!F11 -> 0.9 | AI13: ='Sta. Meteorologi pnk'!G11 -> 0.6 | AJ13: ='Sta. Meteorologi pnk'!H11 -> 0 | AK13: ='Sta. Meteorologi pnk'!I11 -> 44.6 | ... AO13: ='Sta. Meteorologi pnk'!M11 -> 3.4 | AQ13: 4 | AR13: =((P13/($AV$1^2))+(AD13/($AV$2^2)))/((1/($AV$1^2))+(1/($AV$2^2))) -> 0.33809735 | AS13: =((Q13/($AV$1^2))+(AE13/($AV$2^2)))/((1/($AV$1^2))+(1/($AV$2^2))) -> 12.628407 | AT13: =((R13/($AV$1^2))+(AF13/($AV$2^2)))/((1/($AV$1^2))+(1/($AV$2^2))) -> 0.27047788 | AU13: =((S13/($AV$1^2))+(AG13/($AV$2^2)))/((1/($AV$1^2))+(1/($AV$2^2))) -> 4.3276461 | AV13: =((T13/($AV$1^2))+(AH13/($AV$2^2)))/((1/($AV$1^2))+(1/($AV$2^2))) -> 28.779636 | AW13: =((U13/($AV$1^2))+(AI13/($AV$2^2)))/((1/($AV$1^2))+(1/($AV$2^2))) -> 0.40571682 | AX13: =((V13/($AV$1^2))+(AJ13/($AV$2^2)))/((1/($AV$1^2))+(1/($AV$2^2))) -> 2.2666371 | AY13: =((W13/($AV$1^2))+(AK13/($AV$2^2)))/((1/($AV$1^2))+(1/($AV$2^2))) -> 30.158284 | ... BC13: =((AA13/($AV$1^2))+(AO13/($AV$2^2)))/((1/($AV$1^2))+(1/($AV$2^2))) -> 3.9180885 | BE13: 4 | BF13: =((B13/($BI$1^2))+(P13/($AV$1^2))+(AD13/($AV$2^2)))/((1/($BI$1^2))+(1/($AV$1^2))+(1/($AV$2^2))) -> 0.31633063 | BG13: =((C13/($BI$1^2))+(Q13/($AV$1^2))+(AE13/($AV$2^2)))/((1/($BI$1^2))+(1/($AV$1^2))+(1/($AV$2^2))) -> 14.326211 | BH13: =((D13/($BI$1^2))+(R13/($AV$1^2))+(AF13/($AV$2^2)))/((1/($BI$1^2))+(1/($AV$1^2))+(1/($AV$2^2))) -> 0.2530645 | BI13: =((E13/($BI$1^2))+(S13/($AV$1^2))+(AG13/($AV$2^2)))/((1/($BI$1^2))+(1/($AV$1^2))+(1/($AV$2^2))) -> 4.049032 | BJ13: =((F13/($BI$1^2))+(T13/($AV$1^2))+(AH13/($AV$2^2)))/((1/($BI$1^2))+(1/($AV$1^2))+(1/($AV$2^2))) -> 32.527866 | BK13: =((G13/($BI$1^2))+(U13/($AV$1^2))+(AI13/($AV$2^2)))/((1/($BI$1^2))+(1/($AV$1^2))+(1/($AV$2^2))) -> 0.37959675 | BL13: =((H13/($BI$1^2))+(V13/($AV$1^2))+(AJ13/($AV$2^2)))/((1/($BI$1^2))+(1/($AV$1^2))+(1/($AV$2^2))) -> 2.5713712 | BM13: =((I13/($BI$1^2))+(W13/($AV$1^2))+(AK13/($AV$2^2)))/((1/($BI$1^2))+(1/($AV$1^2))+(1/($AV$2^2))) -> 28.216692 | ... BQ13: =((M13/($BI$1^2))+(AA13/($AV$1^2))+(AO13/($AV$2^2)))/((1/($BI$1^2))+(1/($AV$1^2))+(1/($AV$2^2))) -> 3.987742
A14: 5 | B14: =IF('Data 2'!B14<0.1,0,'Data 2'!B14) -> 0 | C14: =IF('Data 2'!C14<0.1,0,'Data 2'!C14) -> 36.304596 | D14: =IF('Data 2'!D14<0.1,0,'Data 2'!D14) -> 16.033161 | E14: =IF('Data 2'!E14<0.1,0,'Data 2'!E14) -> 6.7145162 | F14: =IF('Data 2'!F14<0.1,0,'Data 2'!F14) -> 7.486758 | G14: =IF('Data 2'!G14<0.1,0,'Data 2'!G14) -> 24.607968 | H14: =IF('Data 2'!H14<0.1,0,'Data 2'!H14) -> 0 | I14: =IF('Data 2'!I14<0.1,0,'Data 2'!I14) -> 18.129194 | ... M14: =IF('Data 2'!M14<0.1,0,'Data 2'!M14) -> 5.6015968 | O14: 5 | P14: ='Stasiun Pontianak Kota'!Q56 -> 0 | Q14: ='Stasiun Pontianak Kota'!R56 -> 0 | R14: ='Stasiun Pontianak Kota'!S56 -> 0 | S14: ='Stasiun Pontianak Kota'!T56 -> 10 | T14: ='Stasiun Pontianak Kota'!U56 -> 2 | U14: ='Stasiun Pontianak Kota'!V56 -> 16 | V14: ='Stasiun Pontianak Kota'!W56 -> 0 | W14: ='Stasiun Pontianak Kota'!X56 -> 27 | ... AA14: ='Stasiun Pontianak Kota'!AB56 -> 8 | AC14: 5 | AD14: ='Sta. Meteorologi pnk'!B12 -> 0 | AE14: ='Sta. Meteorologi pnk'!C12 -> 110.5 | AF14: ='Sta. Meteorologi pnk'!D12 -> 48.8 | AG14: ='Sta. Meteorologi pnk'!E12 -> 0 | AH14: ='Sta. Meteorologi pnk'!F12 -> 18.7 | AI14: ='Sta. Meteorologi pnk'!G12 -> 42.2 | AJ14: ='Sta. Meteorologi pnk'!H12 -> 0 | AK14: ='Sta. Meteorologi pnk'!I12 -> 0 | ... AO14: ='Sta. Meteorologi pnk'!M12 -> 0.7 | AQ14: 5 | AR14: =((P14/($AV$1^2))+(AD14/($AV$2^2)))/((1/($AV$1^2))+(1/($AV$2^2))) -> 0 | AS14: =((Q14/($AV$1^2))+(AE14/($AV$2^2)))/((1/($AV$1^2))+(1/($AV$2^2))) -> 74.719514 | AT14: =((R14/($AV$1^2))+(AF14/($AV$2^2)))/((1/($AV$1^2))+(1/($AV$2^2))) -> 32.998301 | AU14: =((S14/($AV$1^2))+(AG14/($AV$2^2)))/((1/($AV$1^2))+(1/($AV$2^2))) -> 3.238053 | AV14: =((T14/($AV$1^2))+(AH14/($AV$2^2)))/((1/($AV$1^2))+(1/($AV$2^2))) -> 13.292452 | AW14: =((U14/($AV$1^2))+(AI14/($AV$2^2)))/((1/($AV$1^2))+(1/($AV$2^2))) -> 33.716301 | AX14: =((V14/($AV$1^2))+(AJ14/($AV$2^2)))/((1/($AV$1^2))+(1/($AV$2^2))) -> 0 | AY14: =((W14/($AV$1^2))+(AK14/($AV$2^2)))/((1/($AV$1^2))+(1/($AV$2^2))) -> 8.7427431 | ... BC14: =((AA14/($AV$1^2))+(AO14/($AV$2^2)))/((1/($AV$1^2))+(1/($AV$2^2))) -> 3.0637787 | BE14: 5 | BF14: =((B14/($BI$1^2))+(P14/($AV$1^2))+(AD14/($AV$2^2)))/((1/($BI$1^2))+(1/($AV$1^2))+(1/($AV$2^2))) -> 0 | BG14: =((C14/($BI$1^2))+(Q14/($AV$1^2))+(AE14/($AV$2^2)))/((1/($BI$1^2))+(1/($AV$1^2))+(1/($AV$2^2))) -> 69.909068 | BH14: =((D14/($BI$1^2))+(R14/($AV$1^2))+(AF14/($AV$2^2)))/((1/($BI$1^2))+(1/($AV$1^2))+(1/($AV$2^2))) -> 30.873869 | BI14: =((E14/($BI$1^2))+(S14/($AV$1^2))+(AG14/($AV$2^2)))/((1/($BI$1^2))+(1/($AV$1^2))+(1/($AV$2^2))) -> 3.6733875 | BJ14: =((F14/($BI$1^2))+(T14/($AV$1^2))+(AH14/($AV$2^2)))/((1/($BI$1^2))+(1/($AV$1^2))+(1/($AV$2^2))) -> 12.565443 | BK14: =((G14/($BI$1^2))+(U14/($AV$1^2))+(AI14/($AV$2^2)))/((1/($BI$1^2))+(1/($AV$1^2))+(1/($AV$2^2))) -> 32.575725 | BL14: =((H14/($BI$1^2))+(V14/($AV$1^2))+(AJ14/($AV$2^2)))/((1/($BI$1^2))+(1/($AV$1^2))+(1/($AV$2^2))) -> 0 | BM14: =((I14/($BI$1^2))+(W14/($AV$1^2))+(AK14/($AV$2^2)))/((1/($BI$1^2))+(1/($AV$1^2))+(1/($AV$2^2))) -> 9.9181462 | ... BQ14: =((M14/($BI$1^2))+(AA14/($AV$1^2))+(AO14/($AV$2^2)))/((1/($BI$1^2))+(1/($AV$1^2))+(1/($AV$2^2))) -> 3.3815729
A15: 6 | B15: =IF('Data 2'!B15<0.1,0,'Data 2'!B15) -> 0 | C15: =IF('Data 2'!C15<0.1,0,'Data 2'!C15) -> 51.252323 | D15: =IF('Data 2'!D15<0.1,0,'Data 2'!D15) -> 20.815 | E15: =IF('Data 2'!E15<0.1,0,'Data 2'!E15) -> 33.183387 | F15: =IF('Data 2'!F15<0.1,0,'Data 2'!F15) -> 34.285484 | G15: =IF('Data 2'!G15<0.1,0,'Data 2'!G15) -> 12.086129 | H15: =IF('Data 2'!H15<0.1,0,'Data 2'!H15) -> 42.046903 | I15: =IF('Data 2'!I15<0.1,0,'Data 2'!I15) -> 0 | ... M15: =IF('Data 2'!M15<0.1,0,'Data 2'!M15) -> 1 | O15: 6 | P15: ='Stasiun Pontianak Kota'!Q57 -> 0 | Q15: ='Stasiun Pontianak Kota'!R57 -> 64 | R15: ='Stasiun Pontianak Kota'!S57 -> 31 | S15: ='Stasiun Pontianak Kota'!T57 -> 0 | T15: ='Stasiun Pontianak Kota'!U57 -> 31 | U15: ='Stasiun Pontianak Kota'!V57 -> 18 | V15: ='Stasiun Pontianak Kota'!W57 -> 59 | W15: ='Stasiun Pontianak Kota'!X57 -> 0 | ... AA15: ='Stasiun Pontianak Kota'!AB57 -> 1 | AC15: 6 | AD15: ='Sta. Meteorologi pnk'!B13 -> 0 | AE15: ='Sta. Meteorologi pnk'!C13 -> 25.2 | AF15: ='Sta. Meteorologi pnk'!D13 -> 0 | AG15: ='Sta. Meteorologi pnk'!E13 -> 101 | AH15: ='Sta. Meteorologi pnk'!F13 -> 41 | AI15: ='Sta. Meteorologi pnk'!G13 -> 0 | AJ15: ='Sta. Meteorologi pnk'!H13 -> 7.4 | AK15: ='Sta. Meteorologi pnk'!I13 -> 0 | ... AO15: ='Sta. Meteorologi pnk'!M13 -> 1 | AQ15: 6 | AR15: =((P15/($AV$1^2))+(AD15/($AV$2^2)))/((1/($AV$1^2))+(1/($AV$2^2))) -> 0 | AS15: =((Q15/($AV$1^2))+(AE15/($AV$2^2)))/((1/($AV$1^2))+(1/($AV$2^2))) -> 37.763646 | AT15: =((R15/($AV$1^2))+(AF15/($AV$2^2)))/((1/($AV$1^2))+(1/($AV$2^2))) -> 10.037964 | AU15: =((S15/($AV$1^2))+(AG15/($AV$2^2)))/((1/($AV$1^2))+(1/($AV$2^2))) -> 68.295665 | AV15: =((T15/($AV$1^2))+(AH15/($AV$2^2)))/((1/($AV$1^2))+(1/($AV$2^2))) -> 37.761947 | AW15: =((U15/($AV$1^2))+(AI15/($AV$2^2)))/((1/($AV$1^2))+(1/($AV$2^2))) -> 5.8284954 | AX15: =((V15/($AV$1^2))+(AJ15/($AV$2^2)))/((1/($AV$1^2))+(1/($AV$2^2))) -> 24.108353 | AY15: =((W15/($AV$1^2))+(AK15/($AV$2^2)))/((1/($AV$1^2))+(1/($AV$2^2))) -> 0 | ... BC15: =((AA15/($AV$1^2))+(AO15/($AV$2^2)))/((1/($AV$1^2))+(1/($AV$2^2))) -> 1 | BE15: 6 | BF15: =((B15/($BI$1^2))+(P15/($AV$1^2))+(AD15/($AV$2^2)))/((1/($BI$1^2))+(1/($AV$1^2))+(1/($AV$2^2))) -> 0 | BG15: =((C15/($BI$1^2))+(Q15/($AV$1^2))+(AE15/($AV$2^2)))/((1/($BI$1^2))+(1/($AV$1^2))+(1/($AV$2^2))) -> 39.452743 | BH15: =((D15/($BI$1^2))+(R15/($AV$1^2))+(AF15/($AV$2^2)))/((1/($BI$1^2))+(1/($AV$1^2))+(1/($AV$2^2))) -> 11.387501 | BI15: =((E15/($BI$1^2))+(S15/($AV$1^2))+(AG15/($AV$2^2)))/((1/($BI$1^2))+(1/($AV$1^2))+(1/($AV$2^2))) -> 63.898786 | BJ15: =((F15/($BI$1^2))+(T15/($AV$1^2))+(AH15/($AV$2^2)))/((1/($BI$1^2))+(1/($AV$1^2))+(1/($AV$2^2))) -> 37.326613 | BK15: =((G15/($BI$1^2))+(U15/($AV$1^2))+(AI15/($AV$2^2)))/((1/($BI$1^2))+(1/($AV$1^2))+(1/($AV$2^2))) -> 6.6120975 | BL15: =((H15/($BI$1^2))+(V15/($AV$1^2))+(AJ15/($AV$2^2)))/((1/($BI$1^2))+(1/($AV$1^2))+(1/($AV$2^2))) -> 26.354679 | BM15: =((I15/($BI$1^2))+(W15/($AV$1^2))+(AK15/($AV$2^2)))/((1/($BI$1^2))+(1/($AV$1^2))+(1/($AV$2^2))) -> 0 | ... BQ15: =((M15/($BI$1^2))+(AA15/($AV$1^2))+(AO15/($AV$2^2)))/((1/($BI$1^2))+(1/($AV$1^2))+(1/($AV$2^2))) -> 1
A16: 7 | B16: =IF('Data 2'!B16<0.1,0,'Data 2'!B16) -> 0 | C16: =IF('Data 2'!C16<0.1,0,'Data 2'!C16) -> 14.100484 | D16: =IF('Data 2'!D16<0.1,0,'Data 2'!D16) -> 0 | E16: =IF('Data 2'!E16<0.1,0,'Data 2'!E16) -> 70.229984 | F16: =IF('Data 2'!F16<0.1,0,'Data 2'!F16) -> 47.117065 | G16: =IF('Data 2'!G16<0.1,0,'Data 2'!G16) -> 0 | H16: =IF('Data 2'!H16<0.1,0,'Data 2'!H16) -> 0 | I16: =IF('Data 2'!I16<0.1,0,'Data 2'!I16) -> 2.6858065 | ... M16: =IF('Data 2'!M16<0.1,0,'Data 2'!M16) -> 15.883242 | O16: 7 | P16: ='Stasiun Pontianak Kota'!Q58 -> 0 | Q16: ='Stasiun Pontianak Kota'!R58 -> 21 | R16: ='Stasiun Pontianak Kota'!S58 -> 0 | S16: ='Stasiun Pontianak Kota'!T58 -> 70 | T16: ='Stasiun Pontianak Kota'!U58 -> 46 | U16: ='Stasiun Pontianak Kota'!V58 -> 0 | V16: ='Stasiun Pontianak Kota'!W58 -> 0 | W16: ='Stasiun Pontianak Kota'!X58 -> 4 | ... AA16: ='Stasiun Pontianak Kota'!AB58 -> 1 | AC16: 7 | AD16: ='Sta. Meteorologi pnk'!B14 -> 0 | AE16: ='Sta. Meteorologi pnk'!C14 -> 0 | AF16: ='Sta. Meteorologi pnk'!D14 -> 0 | AG16: ='Sta. Meteorologi pnk'!E14 -> 70.7 | AH16: ='Sta. Meteorologi pnk'!F14 -> 49.4 | AI16: ='Sta. Meteorologi pnk'!G14 -> 0 | AJ16: ='Sta. Meteorologi pnk'!H14 -> 0 | AK16: ='Sta. Meteorologi pnk'!I14 -> 0 | ... AO16: ='Sta. Meteorologi pnk'!M14 -> 46.3 | AQ16: 7 | AR16: =((P16/($AV$1^2))+(AD16/($AV$2^2)))/((1/($AV$1^2))+(1/($AV$2^2))) -> 0 | AS16: =((Q16/($AV$1^2))+(AE16/($AV$2^2)))/((1/($AV$1^2))+(1/($AV$2^2))) -> 6.7999113 | AT16: =((R16/($AV$1^2))+(AF16/($AV$2^2)))/((1/($AV$1^2))+(1/($AV$2^2))) -> 0 | AU16: =((S16/($AV$1^2))+(AG16/($AV$2^2)))/((1/($AV$1^2))+(1/($AV$2^2))) -> 70.473336 | AV16: =((T16/($AV$1^2))+(AH16/($AV$2^2)))/((1/($AV$1^2))+(1/($AV$2^2))) -> 48.299062 | AW16: =((U16/($AV$1^2))+(AI16/($AV$2^2)))/((1/($AV$1^2))+(1/($AV$2^2))) -> 0 | AX16: =((V16/($AV$1^2))+(AJ16/($AV$2^2)))/((1/($AV$1^2))+(1/($AV$2^2))) -> 0 | AY16: =((W16/($AV$1^2))+(AK16/($AV$2^2)))/((1/($AV$1^2))+(1/($AV$2^2))) -> 1.2952212 | ... BC16: =((AA16/($AV$1^2))+(AO16/($AV$2^2)))/((1/($AV$1^2))+(1/($AV$2^2))) -> 31.63162 | BE16: 7 | BF16: =((B16/($BI$1^2))+(P16/($AV$1^2))+(AD16/($AV$2^2)))/((1/($BI$1^2))+(1/($AV$1^2))+(1/($AV$2^2))) -> 0 | BG16: =((C16/($BI$1^2))+(Q16/($AV$1^2))+(AE16/($AV$2^2)))/((1/($BI$1^2))+(1/($AV$1^2))+(1/($AV$2^2))) -> 7.7141137 | BH16: =((D16/($BI$1^2))+(R16/($AV$1^2))+(AF16/($AV$2^2)))/((1/($BI$1^2))+(1/($AV$1^2))+(1/($AV$2^2))) -> 0 | BI16: =((E16/($BI$1^2))+(S16/($AV$1^2))+(AG16/($AV$2^2)))/((1/($BI$1^2))+(1/($AV$1^2))+(1/($AV$2^2))) -> 70.442863 | BJ16: =((F16/($BI$1^2))+(T16/($AV$1^2))+(AH16/($AV$2^2)))/((1/($BI$1^2))+(1/($AV$1^2))+(1/($AV$2^2))) -> 48.151048 | BK16: =((G16/($BI$1^2))+(U16/($AV$1^2))+(AI16/($AV$2^2)))/((1/($BI$1^2))+(1/($AV$1^2))+(1/($AV$2^2))) -> 0 | BL16: =((H16/($BI$1^2))+(V16/($AV$1^2))+(AJ16/($AV$2^2)))/((1/($BI$1^2))+(1/($AV$1^2))+(1/($AV$2^2))) -> 0 | BM16: =((I16/($BI$1^2))+(W16/($AV$1^2))+(AK16/($AV$2^2)))/((1/($BI$1^2))+(1/($AV$1^2))+(1/($AV$2^2))) -> 1.469355 | ... BQ16: =((M16/($BI$1^2))+(AA16/($AV$1^2))+(AO16/($AV$2^2)))/((1/($BI$1^2))+(1/($AV$1^2))+(1/($AV$2^2))) -> 29.659555
A17: 8 | B17: =IF('Data 2'!B17<0.1,0,'Data 2'!B17) -> 0 | C17: =IF('Data 2'!C17<0.1,0,'Data 2'!C17) -> 0 | D17: =IF('Data 2'!D17<0.1,0,'Data 2'!D17) -> 0 | E17: =IF('Data 2'!E17<0.1,0,'Data 2'!E17) -> 58.416291 | F17: =IF('Data 2'!F17<0.1,0,'Data 2'!F17) -> 75.202581 | G17: =IF('Data 2'!G17<0.1,0,'Data 2'!G17) -> 0 | H17: =IF('Data 2'!H17<0.1,0,'Data 2'!H17) -> 0 | I17: =IF('Data 2'!I17<0.1,0,'Data 2'!I17) -> 0 | ... M17: =IF('Data 2'!M17<0.1,0,'Data 2'!M17) -> 20.043065 | O17: 8 | P17: ='Stasiun Pontianak Kota'!Q59 -> 0 | Q17: ='Stasiun Pontianak Kota'!R59 -> 0 | R17: ='Stasiun Pontianak Kota'!S59 -> 0 | S17: ='Stasiun Pontianak Kota'!T59 -> 87 | T17: ='Stasiun Pontianak Kota'!U59 -> 112 | U17: ='Stasiun Pontianak Kota'!V59 -> 0 | V17: ='Stasiun Pontianak Kota'!W59 -> 0 | W17: ='Stasiun Pontianak Kota'!X59 -> 0 | ... AA17: ='Stasiun Pontianak Kota'!AB59 -> 23 | AC17: 8 | AD17: ='Sta. Meteorologi pnk'!B15 -> 0 | AE17: ='Sta. Meteorologi pnk'!C15 -> 0 | AF17: ='Sta. Meteorologi pnk'!D15 -> 0 | AG17: ='Sta. Meteorologi pnk'!E15 -> 0 | AH17: ='Sta. Meteorologi pnk'!F15 -> 0 | AI17: ='Sta. Meteorologi pnk'!G15 -> 0 | AJ17: ='Sta. Meteorologi pnk'!H15 -> 0.1 | AK17: ='Sta. Meteorologi pnk'!I15 -> 0 | ... AO17: ='Sta. Meteorologi pnk'!M15 -> 14 | AQ17: 8 | AR17: =((P17/($AV$1^2))+(AD17/($AV$2^2)))/((1/($AV$1^2))+(1/($AV$2^2))) -> 0 | AS17: =((Q17/($AV$1^2))+(AE17/($AV$2^2)))/((1/($AV$1^2))+(1/($AV$2^2))) -> 0 | AT17: =((R17/($AV$1^2))+(AF17/($AV$2^2)))/((1/($AV$1^2))+(1/($AV$2^2))) -> 0 | AU17: =((S17/($AV$1^2))+(AG17/($AV$2^2)))/((1/($AV$1^2))+(1/($AV$2^2))) -> 28.171061 | AV17: =((T17/($AV$1^2))+(AH17/($AV$2^2)))/((1/($AV$1^2))+(1/($AV$2^2))) -> 36.266194 | AW17: =((U17/($AV$1^2))+(AI17/($AV$2^2)))/((1/($AV$1^2))+(1/($AV$2^2))) -> 0 | AX17: =((V17/($AV$1^2))+(AJ17/($AV$2^2)))/((1/($AV$1^2))+(1/($AV$2^2))) -> 0.06761947 | AY17: =((W17/($AV$1^2))+(AK17/($AV$2^2)))/((1/($AV$1^2))+(1/($AV$2^2))) -> 0 | ... BC17: =((AA17/($AV$1^2))+(AO17/($AV$2^2)))/((1/($AV$1^2))+(1/($AV$2^2))) -> 16.914248 | BE17: 8 | BF17: =((B17/($BI$1^2))+(P17/($AV$1^2))+(AD17/($AV$2^2)))/((1/($BI$1^2))+(1/($AV$1^2))+(1/($AV$2^2))) -> 0 | BG17: =((C17/($BI$1^2))+(Q17/($AV$1^2))+(AE17/($AV$2^2)))/((1/($BI$1^2))+(1/($AV$1^2))+(1/($AV$2^2))) -> 0 | BH17: =((D17/($BI$1^2))+(R17/($AV$1^2))+(AF17/($AV$2^2)))/((1/($BI$1^2))+(1/($AV$1^2))+(1/($AV$2^2))) -> 0 | BI17: =((E17/($BI$1^2))+(S17/($AV$1^2))+(AG17/($AV$2^2)))/((1/($BI$1^2))+(1/($AV$1^2))+(1/($AV$2^2))) -> 31.958471 | BJ17: =((F17/($BI$1^2))+(T17/($AV$1^2))+(AH17/($AV$2^2)))/((1/($BI$1^2))+(1/($AV$1^2))+(1/($AV$2^2))) -> 41.14194 | BK17: =((G17/($BI$1^2))+(U17/($AV$1^2))+(AI17/($AV$2^2)))/((1/($BI$1^2))+(1/($AV$1^2))+(1/($AV$2^2))) -> 0 | BL17: =((H17/($BI$1^2))+(V17/($AV$1^2))+(AJ17/($AV$2^2)))/((1/($BI$1^2))+(1/($AV$1^2))+(1/($AV$2^2))) -> 0.059151931 | BM17: =((I17/($BI$1^2))+(W17/($AV$1^2))+(AK17/($AV$2^2)))/((1/($BI$1^2))+(1/($AV$1^2))+(1/($AV$2^2))) -> 0 | ... BQ17: =((M17/($BI$1^2))+(AA17/($AV$1^2))+(AO17/($AV$2^2)))/((1/($BI$1^2))+(1/($AV$1^2))+(1/($AV$2^2))) -> 17.306049
A18: 9 | B18: =IF('Data 2'!B18<0.1,0,'Data 2'!B18) -> 0.82137096 | C18: =IF('Data 2'!C18<0.1,0,'Data 2'!C18) -> 14.916097 | D18: =IF('Data 2'!D18<0.1,0,'Data 2'!D18) -> 0 | E18: =IF('Data 2'!E18<0.1,0,'Data 2'!E18) -> 0.13141935 | F18: =IF('Data 2'!F18<0.1,0,'Data 2'!F18) -> 0 | G18: =IF('Data 2'!G18<0.1,0,'Data 2'!G18) -> 0 | H18: =IF('Data 2'!H18<0.1,0,'Data 2'!H18) -> 7.3859678 | I18: =IF('Data 2'!I18<0.1,0,'Data 2'!I18) -> 0 | ... M18: =IF('Data 2'!M18<0.1,0,'Data 2'!M18) -> 10.071774 | O18: 9 | P18: ='Stasiun Pontianak Kota'!Q60 -> 0 | Q18: ='Stasiun Pontianak Kota'!R60 -> 0 | R18: ='Stasiun Pontianak Kota'!S60 -> 0 | S18: ='Stasiun Pontianak Kota'!T60 -> 0 | T18: ='Stasiun Pontianak Kota'!U60 -> 0 | U18: ='Stasiun Pontianak Kota'!V60 -> 0 | V18: ='Stasiun Pontianak Kota'!W60 -> 11 | W18: ='Stasiun Pontianak Kota'!X60 -> 0 | ... AA18: ='Stasiun Pontianak Kota'!AB60 -> 15 | AC18: 9 | AD18: ='Sta. Meteorologi pnk'!B16 -> 2.5 | AE18: ='Sta. Meteorologi pnk'!C16 -> 45.4 | AF18: ='Sta. Meteorologi pnk'!D16 -> 0 | AG18: ='Sta. Meteorologi pnk'!E16 -> 0.4 | AH18: ='Sta. Meteorologi pnk'!F16 -> 0 | AI18: ='Sta. Meteorologi pnk'!G16 -> 0 | AJ18: ='Sta. Meteorologi pnk'!H16 -> 0 | AK18: ='Sta. Meteorologi pnk'!I16 -> 0 | ... AO18: ='Sta. Meteorologi pnk'!M16 -> 0 | AQ18: 9 | AR18: =((P18/($AV$1^2))+(AD18/($AV$2^2)))/((1/($AV$1^2))+(1/($AV$2^2))) -> 1.6904868 | AS18: =((Q18/($AV$1^2))+(AE18/($AV$2^2)))/((1/($AV$1^2))+(1/($AV$2^2))) -> 30.699239 | AT18: =((R18/($AV$1^2))+(AF18/($AV$2^2)))/((1/($AV$1^2))+(1/($AV$2^2))) -> 0 | AU18: =((S18/($AV$1^2))+(AG18/($AV$2^2)))/((1/($AV$1^2))+(1/($AV$2^2))) -> 0.27047788 | AV18: =((T18/($AV$1^2))+(AH18/($AV$2^2)))/((1/($AV$1^2))+(1/($AV$2^2))) -> 0 | AW18: =((U18/($AV$1^2))+(AI18/($AV$2^2)))/((1/($AV$1^2))+(1/($AV$2^2))) -> 0 | AX18: =((V18/($AV$1^2))+(AJ18/($AV$2^2)))/((1/($AV$1^2))+(1/($AV$2^2))) -> 3.5618583 | AY18: =((W18/($AV$1^2))+(AK18/($AV$2^2)))/((1/($AV$1^2))+(1/($AV$2^2))) -> 0 | ... BC18: =((AA18/($AV$1^2))+(AO18/($AV$2^2)))/((1/($AV$1^2))+(1/($AV$2^2))) -> 4.8570795 | BE18: 9 | BF18: =((B18/($BI$1^2))+(P18/($AV$1^2))+(AD18/($AV$2^2)))/((1/($BI$1^2))+(1/($AV$1^2))+(1/($AV$2^2))) -> 1.5816531 | BG18: =((C18/($BI$1^2))+(Q18/($AV$1^2))+(AE18/($AV$2^2)))/((1/($BI$1^2))+(1/($AV$1^2))+(1/($AV$2^2))) -> 28.722821 | BH18: =((D18/($BI$1^2))+(R18/($AV$1^2))+(AF18/($AV$2^2)))/((1/($BI$1^2))+(1/($AV$1^2))+(1/($AV$2^2))) -> 0 | BI18: =((E18/($BI$1^2))+(S18/($AV$1^2))+(AG18/($AV$2^2)))/((1/($BI$1^2))+(1/($AV$1^2))+(1/($AV$2^2))) -> 0.2530645 | BJ18: =((F18/($BI$1^2))+(T18/($AV$1^2))+(AH18/($AV$2^2)))/((1/($BI$1^2))+(1/($AV$1^2))+(1/($AV$2^2))) -> 0 | BK18: =((G18/($BI$1^2))+(U18/($AV$1^2))+(AI18/($AV$2^2)))/((1/($BI$1^2))+(1/($AV$1^2))+(1/($AV$2^2))) -> 0 | BL18: =((H18/($BI$1^2))+(V18/($AV$1^2))+(AJ18/($AV$2^2)))/((1/($BI$1^2))+(1/($AV$1^2))+(1/($AV$2^2))) -> 4.0407262 | BM18: =((I18/($BI$1^2))+(W18/($AV$1^2))+(AK18/($AV$2^2)))/((1/($BI$1^2))+(1/($AV$1^2))+(1/($AV$2^2))) -> 0 | ... BQ18: =((M18/($BI$1^2))+(AA18/($AV$1^2))+(AO18/($AV$2^2)))/((1/($BI$1^2))+(1/($AV$1^2))+(1/($AV$2^2))) -> 5.5100812
A19: 10 | B19: =IF('Data 2'!B19<0.1,0,'Data 2'!B19) -> 1.8070161 | C19: =IF('Data 2'!C19<0.1,0,'Data 2'!C19) -> 36.78629 | D19: =IF('Data 2'!D19<0.1,0,'Data 2'!D19) -> 0 | E19: =IF('Data 2'!E19<0.1,0,'Data 2'!E19) -> 6.2956935 | F19: =IF('Data 2'!F19<0.1,0,'Data 2'!F19) -> 1.7741613 | G19: =IF('Data 2'!G19<0.1,0,'Data 2'!G19) -> 1.7741613 | H19: =IF('Data 2'!H19<0.1,0,'Data 2'!H19) -> 13.509403 | I19: =IF('Data 2'!I19<0.1,0,'Data 2'!I19) -> 1.4456129 | ... M19: =IF('Data 2'!M19<0.1,0,'Data 2'!M19) -> 2.9569355 | O19: 10 | P19: ='Stasiun Pontianak Kota'!Q61 -> 0 | Q19: ='Stasiun Pontianak Kota'!R61 -> 45 | R19: ='Stasiun Pontianak Kota'!S61 -> 0 | S19: ='Stasiun Pontianak Kota'!T61 -> 6 | T19: ='Stasiun Pontianak Kota'!U61 -> 0 | U19: ='Stasiun Pontianak Kota'!V61 -> 0 | V19: ='Stasiun Pontianak Kota'!W61 -> 5 | W19: ='Stasiun Pontianak Kota'!X61 -> 0 | ... AA19: ='Stasiun Pontianak Kota'!AB61 -> 0 | AC19: 10 | AD19: ='Sta. Meteorologi pnk'!B17 -> 5.5 | AE19: ='Sta. Meteorologi pnk'!C17 -> 20 | AF19: ='Sta. Meteorologi pnk'!D17 -> 0 | AG19: ='Sta. Meteorologi pnk'!E17 -> 6.9 | AH19: ='Sta. Meteorologi pnk'!F17 -> 5.4 | AI19: ='Sta. Meteorologi pnk'!G17 -> 5.4 | AJ19: ='Sta. Meteorologi pnk'!H17 -> 30.9 | AK19: ='Sta. Meteorologi pnk'!I17 -> 4.4 | ... AO19: ='Sta. Meteorologi pnk'!M17 -> 9 | AQ19: 10 | AR19: =((P19/($AV$1^2))+(AD19/($AV$2^2)))/((1/($AV$1^2))+(1/($AV$2^2))) -> 3.7190709 | AS19: =((Q19/($AV$1^2))+(AE19/($AV$2^2)))/((1/($AV$1^2))+(1/($AV$2^2))) -> 28.095132 | AT19: =((R19/($AV$1^2))+(AF19/($AV$2^2)))/((1/($AV$1^2))+(1/($AV$2^2))) -> 0 | AU19: =((S19/($AV$1^2))+(AG19/($AV$2^2)))/((1/($AV$1^2))+(1/($AV$2^2))) -> 6.6085752 | AV19: =((T19/($AV$1^2))+(AH19/($AV$2^2)))/((1/($AV$1^2))+(1/($AV$2^2))) -> 3.6514514 | AW19: =((U19/($AV$1^2))+(AI19/($AV$2^2)))/((1/($AV$1^2))+(1/($AV$2^2))) -> 3.6514514 | AX19: =((V19/($AV$1^2))+(AJ19/($AV$2^2)))/((1/($AV$1^2))+(1/($AV$2^2))) -> 22.513443 | AY19: =((W19/($AV$1^2))+(AK19/($AV$2^2)))/((1/($AV$1^2))+(1/($AV$2^2))) -> 2.9752567 | ... BC19: =((AA19/($AV$1^2))+(AO19/($AV$2^2)))/((1/($AV$1^2))+(1/($AV$2^2))) -> 6.0857523 | BE19: 10 | BF19: =((B19/($BI$1^2))+(P19/($AV$1^2))+(AD19/($AV$2^2)))/((1/($BI$1^2))+(1/($AV$1^2))+(1/($AV$2^2))) -> 3.4796369 | BG19: =((C19/($BI$1^2))+(Q19/($AV$1^2))+(AE19/($AV$2^2)))/((1/($BI$1^2))+(1/($AV$1^2))+(1/($AV$2^2))) -> 29.183469 | BH19: =((D19/($BI$1^2))+(R19/($AV$1^2))+(AF19/($AV$2^2)))/((1/($BI$1^2))+(1/($AV$1^2))+(1/($AV$2^2))) -> 0 | BI19: =((E19/($BI$1^2))+(S19/($AV$1^2))+(AG19/($AV$2^2)))/((1/($BI$1^2))+(1/($AV$1^2))+(1/($AV$2^2))) -> 6.5693951 | BJ19: =((F19/($BI$1^2))+(T19/($AV$1^2))+(AH19/($AV$2^2)))/((1/($BI$1^2))+(1/($AV$1^2))+(1/($AV$2^2))) -> 3.4163708 | BK19: =((G19/($BI$1^2))+(U19/($AV$1^2))+(AI19/($AV$2^2)))/((1/($BI$1^2))+(1/($AV$1^2))+(1/($AV$2^2))) -> 3.4163708 | BL19: =((H19/($BI$1^2))+(V19/($AV$1^2))+(AJ19/($AV$2^2)))/((1/($BI$1^2))+(1/($AV$1^2))+(1/($AV$2^2))) -> 21.385926 | BM19: =((I19/($BI$1^2))+(W19/($AV$1^2))+(AK19/($AV$2^2)))/((1/($BI$1^2))+(1/($AV$1^2))+(1/($AV$2^2))) -> 2.7837095 | ... BQ19: =((M19/($BI$1^2))+(AA19/($AV$1^2))+(AO19/($AV$2^2)))/((1/($BI$1^2))+(1/($AV$1^2))+(1/($AV$2^2))) -> 5.6939513
A20: 11 | B20: =IF('Data 2'!B20<0.1,0,'Data 2'!B20) -> 4.7001613 | C20: =IF('Data 2'!C20<0.1,0,'Data 2'!C20) -> 8.6858065 | D20: =IF('Data 2'!D20<0.1,0,'Data 2'!D20) -> 0 | E20: =IF('Data 2'!E20<0.1,0,'Data 2'!E20) -> 16.114839 | F20: =IF('Data 2'!F20<0.1,0,'Data 2'!F20) -> 5.9671452 | G20: =IF('Data 2'!G20<0.1,0,'Data 2'!G20) -> 16.720887 | H20: =IF('Data 2'!H20<0.1,0,'Data 2'!H20) -> 3.3572581 | I20: =IF('Data 2'!I20<0.1,0,'Data 2'!I20) -> 2.6858065 | ... M20: =IF('Data 2'!M20<0.1,0,'Data 2'!M20) -> 9.2424193 | O20: 11 | P20: ='Stasiun Pontianak Kota'!Q62 -> 7 | Q20: ='Stasiun Pontianak Kota'!R62 -> 10 | R20: ='Stasiun Pontianak Kota'!S62 -> 0 | S20: ='Stasiun Pontianak Kota'!T62 -> 24 | T20: ='Stasiun Pontianak Kota'!U62 -> 6 | U20: ='Stasiun Pontianak Kota'!V62 -> 9 | V20: ='Stasiun Pontianak Kota'!W62 -> 5 | W20: ='Stasiun Pontianak Kota'!X62 -> 4 | ... AA20: ='Stasiun Pontianak Kota'!AB62 -> 3 | AC20: 11 | AD20: ='Sta. Meteorologi pnk'!B18 -> 0 | AE20: ='Sta. Meteorologi pnk'!C18 -> 6 | AF20: ='Sta. Meteorologi pnk'!D18 -> 0 | AG20: ='Sta. Meteorologi pnk'!E18 -> 0 | AH20: ='Sta. Meteorologi pnk'!F18 -> 5.9 | AI20: ='Sta. Meteorologi pnk'!G18 -> 32.5 | AJ20: ='Sta. Meteorologi pnk'!H18 -> 0 | AK20: ='Sta. Meteorologi pnk'!I18 -> 0 | ... AO20: ='Sta. Meteorologi pnk'!M18 -> 22 | AQ20: 11 | AR20: =((P20/($AV$1^2))+(AD20/($AV$2^2)))/((1/($AV$1^2))+(1/($AV$2^2))) -> 2.2666371 | AS20: =((Q20/($AV$1^2))+(AE20/($AV$2^2)))/((1/($AV$1^2))+(1/($AV$2^2))) -> 7.2952212 | AT20: =((R20/($AV$1^2))+(AF20/($AV$2^2)))/((1/($AV$1^2))+(1/($AV$2^2))) -> 0 | AU20: =((S20/($AV$1^2))+(AG20/($AV$2^2)))/((1/($AV$1^2))+(1/($AV$2^2))) -> 7.7713272 | AV20: =((T20/($AV$1^2))+(AH20/($AV$2^2)))/((1/($AV$1^2))+(1/($AV$2^2))) -> 5.9323805 | AW20: =((U20/($AV$1^2))+(AI20/($AV$2^2)))/((1/($AV$1^2))+(1/($AV$2^2))) -> 24.890575 | AX20: =((V20/($AV$1^2))+(AJ20/($AV$2^2)))/((1/($AV$1^2))+(1/($AV$2^2))) -> 1.6190265 | AY20: =((W20/($AV$1^2))+(AK20/($AV$2^2)))/((1/($AV$1^2))+(1/($AV$2^2))) -> 1.2952212 | ... BC20: =((AA20/($AV$1^2))+(AO20/($AV$2^2)))/((1/($AV$1^2))+(1/($AV$2^2))) -> 15.847699 | BE20: 11 | BF20: =((B20/($BI$1^2))+(P20/($AV$1^2))+(AD20/($AV$2^2)))/((1/($BI$1^2))+(1/($AV$1^2))+(1/($AV$2^2))) -> 2.5713712 | BG20: =((C20/($BI$1^2))+(Q20/($AV$1^2))+(AE20/($AV$2^2)))/((1/($BI$1^2))+(1/($AV$1^2))+(1/($AV$2^2))) -> 7.469355 | BH20: =((D20/($BI$1^2))+(R20/($AV$1^2))+(AF20/($AV$2^2)))/((1/($BI$1^2))+(1/($AV$1^2))+(1/($AV$2^2))) -> 0 | BI20: =((E20/($BI$1^2))+(S20/($AV$1^2))+(AG20/($AV$2^2)))/((1/($BI$1^2))+(1/($AV$1^2))+(1/($AV$2^2))) -> 8.81613 | BJ20: =((F20/($BI$1^2))+(T20/($AV$1^2))+(AH20/($AV$2^2)))/((1/($BI$1^2))+(1/($AV$1^2))+(1/($AV$2^2))) -> 5.9367339 | BK20: =((G20/($BI$1^2))+(U20/($AV$1^2))+(AI20/($AV$2^2)))/((1/($BI$1^2))+(1/($AV$1^2))+(1/($AV$2^2))) -> 23.867539 | BL20: =((H20/($BI$1^2))+(V20/($AV$1^2))+(AJ20/($AV$2^2)))/((1/($BI$1^2))+(1/($AV$1^2))+(1/($AV$2^2))) -> 1.8366937 | BM20: =((I20/($BI$1^2))+(W20/($AV$1^2))+(AK20/($AV$2^2)))/((1/($BI$1^2))+(1/($AV$1^2))+(1/($AV$2^2))) -> 1.469355 | ... BQ20: =((M20/($BI$1^2))+(AA20/($AV$1^2))+(AO20/($AV$2^2)))/((1/($BI$1^2))+(1/($AV$1^2))+(1/($AV$2^2))) -> 15.020564
A21: 12 | B21: =IF('Data 2'!B21<0.1,0,'Data 2'!B21) -> 0 | C21: =IF('Data 2'!C21<0.1,0,'Data 2'!C21) -> 5.3716129 | D21: =IF('Data 2'!D21<0.1,0,'Data 2'!D21) -> 0 | E21: =IF('Data 2'!E21<0.1,0,'Data 2'!E21) -> 0 | F21: =IF('Data 2'!F21<0.1,0,'Data 2'!F21) -> 12.848161 | G21: =IF('Data 2'!G21<0.1,0,'Data 2'!G21) -> 24.237968 | H21: =IF('Data 2'!H21<0.1,0,'Data 2'!H21) -> 2.6940968 | I21: =IF('Data 2'!I21<0.1,0,'Data 2'!I21) -> 0 | ... M21: =IF('Data 2'!M21<0.1,0,'Data 2'!M21) -> 15.443387 | O21: 12 | P21: ='Stasiun Pontianak Kota'!Q63 -> 0 | Q21: ='Stasiun Pontianak Kota'!R63 -> 8 | R21: ='Stasiun Pontianak Kota'!S63 -> 0 | S21: ='Stasiun Pontianak Kota'!T63 -> 0 | T21: ='Stasiun Pontianak Kota'!U63 -> 7 | U21: ='Stasiun Pontianak Kota'!V63 -> 36 | V21: ='Stasiun Pontianak Kota'!W63 -> 0 | W21: ='Stasiun Pontianak Kota'!X63 -> 0 | ... AA21: ='Stasiun Pontianak Kota'!AB63 -> 23 | AC21: 12 | AD21: ='Sta. Meteorologi pnk'!B19 -> 0 | AE21: ='Sta. Meteorologi pnk'!C19 -> 0 | AF21: ='Sta. Meteorologi pnk'!D19 -> 0 | AG21: ='Sta. Meteorologi pnk'!E19 -> 0 | AH21: ='Sta. Meteorologi pnk'!F19 -> 24.8 | AI21: ='Sta. Meteorologi pnk'!G19 -> 0.2 | AJ21: ='Sta. Meteorologi pnk'!H19 -> 8.2 | AK21: ='Sta. Meteorologi pnk'!I19 -> 0 | ... AO21: ='Sta. Meteorologi pnk'!M19 -> 0 | AQ21: 12 | AR21: =((P21/($AV$1^2))+(AD21/($AV$2^2)))/((1/($AV$1^2))+(1/($AV$2^2))) -> 0 | AS21: =((Q21/($AV$1^2))+(AE21/($AV$2^2)))/((1/($AV$1^2))+(1/($AV$2^2))) -> 2.5904424 | AT21: =((R21/($AV$1^2))+(AF21/($AV$2^2)))/((1/($AV$1^2))+(1/($AV$2^2))) -> 0 | AU21: =((S21/($AV$1^2))+(AG21/($AV$2^2)))/((1/($AV$1^2))+(1/($AV$2^2))) -> 0 | AV21: =((T21/($AV$1^2))+(AH21/($AV$2^2)))/((1/($AV$1^2))+(1/($AV$2^2))) -> 19.036266 | AW21: =((U21/($AV$1^2))+(AI21/($AV$2^2)))/((1/($AV$1^2))+(1/($AV$2^2))) -> 11.79223 | AX21: =((V21/($AV$1^2))+(AJ21/($AV$2^2)))/((1/($AV$1^2))+(1/($AV$2^2))) -> 5.5447965 | AY21: =((W21/($AV$1^2))+(AK21/($AV$2^2)))/((1/($AV$1^2))+(1/($AV$2^2))) -> 0 | ... BC21: =((AA21/($AV$1^2))+(AO21/($AV$2^2)))/((1/($AV$1^2))+(1/($AV$2^2))) -> 7.4475219 | BE21: 12 | BF21: =((B21/($BI$1^2))+(P21/($AV$1^2))+(AD21/($AV$2^2)))/((1/($BI$1^2))+(1/($AV$1^2))+(1/($AV$2^2))) -> 0 | BG21: =((C21/($BI$1^2))+(Q21/($AV$1^2))+(AE21/($AV$2^2)))/((1/($BI$1^2))+(1/($AV$1^2))+(1/($AV$2^2))) -> 2.93871 | BH21: =((D21/($BI$1^2))+(R21/($AV$1^2))+(AF21/($AV$2^2)))/((1/($BI$1^2))+(1/($AV$1^2))+(1/($AV$2^2))) -> 0 | BI21: =((E21/($BI$1^2))+(S21/($AV$1^2))+(AG21/($AV$2^2)))/((1/($BI$1^2))+(1/($AV$1^2))+(1/($AV$2^2))) -> 0 | BJ21: =((F21/($BI$1^2))+(T21/($AV$1^2))+(AH21/($AV$2^2)))/((1/($BI$1^2))+(1/($AV$1^2))+(1/($AV$2^2))) -> 18.26137 | BK21: =((G21/($BI$1^2))+(U21/($AV$1^2))+(AI21/($AV$2^2)))/((1/($BI$1^2))+(1/($AV$1^2))+(1/($AV$2^2))) -> 13.350727 | BL21: =((H21/($BI$1^2))+(V21/($AV$1^2))+(AJ21/($AV$2^2)))/((1/($BI$1^2))+(1/($AV$1^2))+(1/($AV$2^2))) -> 5.1878223 | BM21: =((I21/($BI$1^2))+(W21/($AV$1^2))+(AK21/($AV$2^2)))/((1/($BI$1^2))+(1/($AV$1^2))+(1/($AV$2^2))) -> 0 | ... BQ21: =((M21/($BI$1^2))+(AA21/($AV$1^2))+(AO21/($AV$2^2)))/((1/($BI$1^2))+(1/($AV$1^2))+(1/($AV$2^2))) -> 8.4487912
... A40: 31 | B40: =IF('Data 2'!B40<0.1,0,'Data 2'!B40) -> 0 | C40: =IF('Data 2'!C40<0.1,0,'Data 2'!C40) -> 0 | D40: =IF('Data 2'!D40<0.1,0,'Data 2'!D40) -> 2 | E40: =IF('Data 2'!E40<0.1,0,'Data 2'!E40) -> 0 | F40: =IF('Data 2'!F40<0.1,0,'Data 2'!F40) -> 1.3429032 | G40: =IF('Data 2'!G40<0.1,0,'Data 2'!G40) -> 0 | H40: =IF('Data 2'!H40<0.1,0,'Data 2'!H40) -> 0 | I40: =IF('Data 2'!I40<0.1,0,'Data 2'!I40) -> 37.60129 | ... M40: =IF('Data 2'!M40<0.1,0,'Data 2'!M40) -> 1.1827742 | O40: 31 | P40: ='Stasiun Pontianak Kota'!Q82 -> 0 | Q40: ='Stasiun Pontianak Kota'!R82 -> 0 | R40: ='Stasiun Pontianak Kota'!S82 -> 2 | S40: ='Stasiun Pontianak Kota'!T82 -> 0 | T40: ='Stasiun Pontianak Kota'!U82 -> 2 | U40: ='Stasiun Pontianak Kota'!V82 -> 0 | V40: ='Stasiun Pontianak Kota'!W82 -> 0 | W40: ='Stasiun Pontianak Kota'!X82 -> 56 | ... AA40: ='Stasiun Pontianak Kota'!AB82 -> 0 | AC40: 31 | AD40: ='Sta. Meteorologi pnk'!B38 -> 0 | AE40: ='Sta. Meteorologi pnk'!C38 -> 0 | AF40: ='Sta. Meteorologi pnk'!D38 -> 2 | AG40: ='Sta. Meteorologi pnk'!E38 -> 0 | AH40: ='Sta. Meteorologi pnk'!F38 -> 0 | AI40: ='Sta. Meteorologi pnk'!G38 -> 0 | AJ40: ='Sta. Meteorologi pnk'!H38 -> 0 | AK40: ='Sta. Meteorologi pnk'!I38 -> 0 | ... AO40: ='Sta. Meteorologi pnk'!M38 -> 3.6 | AQ40: 31 | AR40: =((P40/($AV$1^2))+(AD40/($AV$2^2)))/((1/($AV$1^2))+(1/($AV$2^2))) -> 0 | AS40: =((Q40/($AV$1^2))+(AE40/($AV$2^2)))/((1/($AV$1^2))+(1/($AV$2^2))) -> 0 | AT40: =((R40/($AV$1^2))+(AF40/($AV$2^2)))/((1/($AV$1^2))+(1/($AV$2^2))) -> 2 | AU40: =((S40/($AV$1^2))+(AG40/($AV$2^2)))/((1/($AV$1^2))+(1/($AV$2^2))) -> 0 | AV40: =((T40/($AV$1^2))+(AH40/($AV$2^2)))/((1/($AV$1^2))+(1/($AV$2^2))) -> 0.6476106 | AW40: =((U40/($AV$1^2))+(AI40/($AV$2^2)))/((1/($AV$1^2))+(1/($AV$2^2))) -> 0 | AX40: =((V40/($AV$1^2))+(AJ40/($AV$2^2)))/((1/($AV$1^2))+(1/($AV$2^2))) -> 0 | AY40: =((W40/($AV$1^2))+(AK40/($AV$2^2)))/((1/($AV$1^2))+(1/($AV$2^2))) -> 18.133097 | ... BC40: =((AA40/($AV$1^2))+(AO40/($AV$2^2)))/((1/($AV$1^2))+(1/($AV$2^2))) -> 2.4343009 | BE40: 31 | BF40: =((B40/($BI$1^2))+(P40/($AV$1^2))+(AD40/($AV$2^2)))/((1/($BI$1^2))+(1/($AV$1^2))+(1/($AV$2^2))) -> 0 | BG40: =((C40/($BI$1^2))+(Q40/($AV$1^2))+(AE40/($AV$2^2)))/((1/($BI$1^2))+(1/($AV$1^2))+(1/($AV$2^2))) -> 0 | BH40: =((D40/($BI$1^2))+(R40/($AV$1^2))+(AF40/($AV$2^2)))/((1/($BI$1^2))+(1/($AV$1^2))+(1/($AV$2^2))) -> 2 | BI40: =((E40/($BI$1^2))+(S40/($AV$1^2))+(AG40/($AV$2^2)))/((1/($BI$1^2))+(1/($AV$1^2))+(1/($AV$2^2))) -> 0 | BJ40: =((F40/($BI$1^2))+(T40/($AV$1^2))+(AH40/($AV$2^2)))/((1/($BI$1^2))+(1/($AV$1^2))+(1/($AV$2^2))) -> 0.7346775 | BK40: =((G40/($BI$1^2))+(U40/($AV$1^2))+(AI40/($AV$2^2)))/((1/($BI$1^2))+(1/($AV$1^2))+(1/($AV$2^2))) -> 0 | BL40: =((H40/($BI$1^2))+(V40/($AV$1^2))+(AJ40/($AV$2^2)))/((1/($BI$1^2))+(1/($AV$1^2))+(1/($AV$2^2))) -> 0 | BM40: =((I40/($BI$1^2))+(W40/($AV$1^2))+(AK40/($AV$2^2)))/((1/($BI$1^2))+(1/($AV$1^2))+(1/($AV$2^2))) -> 20.57097 | ... BQ40: =((M40/($BI$1^2))+(AA40/($AV$1^2))+(AO40/($AV$2^2)))/((1/($BI$1^2))+(1/($AV$1^2))+(1/($AV$2^2))) -> 2.2775805
A41: Jlh | B41: =SUM(B10:B40) -> 142.31611 | C41: =SUM(C10:C40) -> 298.56713 | D41: =SUM(D10:D40) -> 121.42773 | E41: =SUM(E10:E40) -> 436.1946 | F41: =SUM(F10:F40) -> 358.33208 | G41: =SUM(G10:G40) -> 101.44147 | H41: =SUM(H10:H40) -> 264.15376 | I41: =SUM(I10:I40) -> 144.85008 | ... M41: =SUM(M10:M40) -> 392.48069 | O41: Jlh | P41: =SUM(P10:P40) -> 148 | Q41: =SUM(Q10:Q40) -> 278 | R41: =SUM(R10:R40) -> 89 | S41: =SUM(S10:S40) -> 461 | T41: =SUM(T10:T40) -> 388 | U41: =SUM(U10:U40) -> 102 | V41: =SUM(V10:V40) -> 277 | W41: =SUM(W10:W40) -> 146 | ... AA41: =SUM(AA10:AA40) -> 382 | AC41: Jlh | AD41: =SUM(AD10:AD40) -> 130.7 | AE41: =SUM(AE10:AE40) -> 340.6 | AF41: =SUM(AF10:AF40) -> 187.7 | AG41: =SUM(AG10:AG40) -> 386 | AH41: =SUM(AH10:AH40) -> 297.7 | AI41: =SUM(AI10:AI40) -> 100.6 | AJ41: =SUM(AJ10:AJ40) -> 238 | AK41: =SUM(AK10:AK40) -> 142.5 | ... AO41: =SUM(AO10:AO40) -> 413.9 | AQ41: Jlh | AR41: =SUM(AR10:AR40) -> 136.30183 | AS41: =SUM(AS10:AS40) -> 320.32979 | AT41: =SUM(AT10:AT40) -> 155.74042 | AU41: =SUM(AU10:AU40) -> 410.2854 | AV41: =SUM(AV10:AV40) -> 326.93962 | AW41: =SUM(AW10:AW40) -> 101.05333 | AX41: =SUM(AX10:AX40) -> 250.62841 | AY41: =SUM(AY10:AY40) -> 143.63332 | ... BC41: =SUM(BC10:BC40) -> 403.57061 | BE41: Jlh | BF41: =SUM(BF10:BF40) -> 137.05496 | BG41: =SUM(BG10:BG40) -> 317.60459 | BH41: =SUM(BH10:BH40) -> 151.44367 | BI41: =SUM(BI10:BI40) -> 413.52984 | BJ41: =SUM(BJ10:BJ40) -> 330.87069 | BK41: =SUM(BK10:BK40) -> 101.10193 | BL41: =SUM(BL10:BL40) -> 252.3221 | BM41: =SUM(BM10:BM40) -> 143.78569 | ... BQ41: =SUM(BQ10:BQ40) -> 402.18189
A42: R maks | B42: =MAX(B10:B40) -> 36.929839 | C42: =MAX(C10:C40) -> 51.252323 | D42: =MAX(D10:D40) -> 31.731403 | E42: =MAX(E10:E40) -> 70.229984 | F42: =MAX(F10:F40) -> 75.202581 | G42: =MAX(G10:G40) -> 24.607968 | H42: =MAX(H10:H40) -> 42.046903 | I42: =MAX(I10:I40) -> 37.60129 | ... M42: =MAX(M10:M40) -> 84.266678 | O42: R maks | P42: =MAX(P10:P40) -> 55 | Q42: =MAX(Q10:Q40) -> 64 | R42: =MAX(R10:R40) -> 32 | S42: =MAX(S10:S40) -> 91 | T42: =MAX(T10:T40) -> 112 | U42: =MAX(U10:U40) -> 36 | V42: =MAX(V10:V40) -> 59 | W42: =MAX(W10:W40) -> 56 | ... AA42: =MAX(AA10:AA40) -> 98 | AC42: R maks | AD42: =MAX(AD10:AD40) -> 44.3 | AE42: =MAX(AE10:AE40) -> 110.5 | AF42: =MAX(AF10:AF40) -> 74.1 | AG42: =MAX(AG10:AG40) -> 101 | AH42: =MAX(AH10:AH40) -> 67 | AI42: =MAX(AI10:AI40) -> 42.2 | AJ42: =MAX(AJ10:AJ40) -> 94.4 | AK42: =MAX(AK10:AK40) -> 61 | ... AO42: =MAX(AO10:AO40) -> 98 | AQ42: R maks | AR42: =MAX(AR10:AR40) -> 29.955425 | AS42: =MAX(AS10:AS40) -> 74.719514 | AT42: =MAX(AT10:AT40) -> 53.667886 | AU42: =MAX(AU10:AU40) -> 70.473336 | AV42: =MAX(AV10:AV40) -> 48.299062 | AW42: =MAX(AW10:AW40) -> 33.716301 | AX42: =MAX(AX10:AX40) -> 67.718443 | AY42: =MAX(AY10:AY40) -> 41.247877 | ... BC42: =MAX(BC10:BC40) -> 69.735062 | BE42: R maks | BF42: =MAX(BF10:BF40) -> 28.026893 | BG42: =MAX(BG10:BG40) -> 69.909068 | BH42: =MAX(BH10:BH40) -> 50.920925 | BI42: =MAX(BI10:BI40) -> 70.442863 | BJ42: =MAX(BJ10:BJ40) -> 48.151048 | BK42: =MAX(BK10:BK40) -> 32.575725 | BL42: =MAX(BL10:BL40) -> 64.131287 | BM42: =MAX(BM10:BM40) -> 38.592336 | ... BQ42: =MAX(BQ10:BQ40) -> 71.55476
A43: I | B43: =SUM(B10:B24) -> 42.835419 | C43: =SUM(C10:C24) -> 220.85261 | D43: =SUM(D10:D24) -> 36.979581 | E43: =SUM(E10:E24) -> 214.76173 | F43: =SUM(F10:F24) -> 298.30944 | G43: =SUM(G10:G24) -> 79.624242 | H43: =SUM(H10:H24) -> 204.69218 | I43: =SUM(I10:I24) -> 42.956935 | ... M43: =SUM(M10:M24) -> 175.58532 | O43: I | P43: =SUM(P10:P24) -> 59 | Q43: =SUM(Q10:Q24) -> 197 | R43: =SUM(R10:R24) -> 31 | S43: =SUM(S10:S24) -> 219 | T43: =SUM(T10:T24) -> 331 | U43: =SUM(U10:U24) -> 79 | V43: =SUM(V10:V24) -> 195 | W43: =SUM(W10:W24) -> 40 | ... AA43: =SUM(AA10:AA24) -> 170 | AC43: I | AD43: =SUM(AD10:AD24) -> 9.8 | AE43: =SUM(AE10:AE24) -> 269.6 | AF43: =SUM(AF10:AF24) -> 49.2 | AG43: =SUM(AG10:AG24) -> 206.4 | AH43: =SUM(AH10:AH24) -> 231.5 | AI43: =SUM(AI10:AI24) -> 81.2 | AJ43: =SUM(AJ10:AJ24) -> 224.6 | AK43: =SUM(AK10:AK24) -> 49 | ... AO43: =SUM(AO10:AO24) -> 187 | AQ43: I | AR43: =SUM(AR10:AR24) -> 25.731221 | AS43: =SUM(AS10:AS24) -> 246.09174 | AT43: =SUM(AT10:AT24) -> 43.306744 | AU43: =SUM(AU10:AU24) -> 210.47995 | AV43: =SUM(AV10:AV24) -> 263.71863 | AW43: =SUM(AW10:AW24) -> 80.487628 | AX43: =SUM(AX10:AX24) -> 215.01536 | AY43: =SUM(AY10:AY24) -> 46.085752 | ... BC43: =SUM(BC10:BC24) -> 181.49531 | BE43: I | BF43: =SUM(BF10:BF24) -> 27.873066 | BG43: =SUM(BG10:BG24) -> 242.93121 | BH43: =SUM(BH10:BH24) -> 42.514435 | BI43: =SUM(BI10:BI24) -> 211.01613 | BJ43: =SUM(BJ10:BJ24) -> 268.05021 | BK43: =SUM(BK10:BK24) -> 80.379512 | BL43: =SUM(BL10:BL24) -> 213.72266 | BM43: =SUM(BM10:BM24) -> 45.693951 | ... BQ43: =SUM(BQ10:BQ24) -> 180.75524
A44: II | B44: =SUM(B25:B40) -> 99.480693 | C44: =SUM(C25:C40) -> 77.714516 | D44: =SUM(D25:D40) -> 84.448145 | E44: =SUM(E25:E40) -> 221.43287 | F44: =SUM(F25:F40) -> 60.022645 | G44: =SUM(G25:G40) -> 21.817226 | H44: =SUM(H25:H40) -> 59.461581 | I44: =SUM(I25:I40) -> 101.89315 | ... M44: =SUM(M25:M40) -> 216.89537 | O44: II | P44: =SUM(P25:P40) -> 89 | Q44: =SUM(Q25:Q40) -> 81 | R44: =SUM(R25:R40) -> 58 | S44: =SUM(S25:S40) -> 242 | T44: =SUM(T25:T40) -> 57 | U44: =SUM(U25:U40) -> 23 | V44: =SUM(V25:V40) -> 82 | W44: =SUM(W25:W40) -> 106 | ... AA44: =SUM(AA25:AA40) -> 212 | AC44: II | AD44: =SUM(AD25:AD40) -> 120.9 | AE44: =SUM(AE25:AE40) -> 71 | AF44: =SUM(AF25:AF40) -> 138.5 | AG44: =SUM(AG25:AG40) -> 179.6 | AH44: =SUM(AH25:AH40) -> 66.2 | AI44: =SUM(AI25:AI40) -> 19.4 | AJ44: =SUM(AJ25:AJ40) -> 13.4 | AK44: =SUM(AK25:AK40) -> 93.5 | ... AO44: =SUM(AO25:AO40) -> 226.9 | AQ44: II | AR44: =SUM(AR25:AR40) -> 110.57061 | AS44: =SUM(AS25:AS40) -> 74.238053 | AT44: =SUM(AT25:AT40) -> 112.43367 | AU44: =SUM(AU25:AU40) -> 199.80545 | AV44: =SUM(AV25:AV40) -> 63.220991 | AW44: =SUM(AW25:AW40) -> 20.565699 | AX44: =SUM(AX25:AX40) -> 35.613044 | AY44: =SUM(AY25:AY40) -> 97.547566 | ... BC44: =SUM(BC25:BC40) -> 222.0753 | BE44: II | BF44: =SUM(BF25:BF40) -> 109.18189 | BG44: =SUM(BG25:BG40) -> 74.673387 | BH44: =SUM(BH25:BH40) -> 108.92923 | BI44: =SUM(BI25:BI40) -> 202.51371 | BJ44: =SUM(BJ25:BJ40) -> 62.820484 | BK44: =SUM(BK25:BK40) -> 20.722419 | BL44: =SUM(BL25:BL40) -> 38.599438 | BM44: =SUM(BM25:BM40) -> 98.091734 | ... BQ44: =SUM(BQ25:BQ40) -> 221.42665
A45: HH | B45: =COUNTIF(B12:B42,">0") -> 14 | C45: =COUNTIF(C12:C42,">0") -> 24 | D45: =COUNTIF(D12:D42,">0") -> 18 | E45: =COUNTIF(E12:E42,">0") -> 23 | F45: =COUNTIF(F12:F42,">0") -> 29 | G45: =COUNTIF(G12:G42,">0") -> 12 | H45: =COUNTIF(H12:H42,">0") -> 19 | I45: =COUNTIF(I12:I42,">0") -> 16 | ... M45: =COUNTIF(M12:M42,">0") -> 29 | O45: HH | P45: =COUNTIF(P10:P40,">0") -> 9 | Q45: =COUNTIF(Q10:Q40,">0") -> 13 | R45: =COUNTIF(R10:R40,">0") -> 8 | S45: =COUNTIF(S10:S40,">0") -> 15 | T45: =COUNTIF(T10:T40,">0") -> 22 | U45: =COUNTIF(U10:U40,">0") -> 6 | V45: =COUNTIF(V10:V40,">0") -> 15 | W45: =COUNTIF(W10:W40,">0") -> 9 | ... AA45: =COUNTIF(AA10:AA40,">0") -> 19 | AC45: HH | AD45: =COUNTIF(AD10:AD40,">0") -> 10 | AE45: =COUNTIF(AE10:AE40,">0") -> 17 | AF45: =COUNTIF(AF10:AF40,">0") -> 13 | AG45: =COUNTIF(AG10:AG40,">0") -> 17 | AH45: =COUNTIF(AH10:AH40,">0") -> 25 | AI45: =COUNTIF(AI10:AI40,">0") -> 9 | AJ45: =COUNTIF(AJ10:AJ40,">0") -> 12 | AK45: =COUNTIF(AK10:AK40,">0") -> 8 | ... AO45: =COUNTIF(AO10:AO40,">0") -> 24 | AQ45: HH | AR45: =COUNTIF(AR10:AR40,">0") -> 14 | AS45: =COUNTIF(AS10:AS40,">0") -> 24 | AT45: =COUNTIF(AT10:AT40,">0") -> 16 | AU45: =COUNTIF(AU10:AU40,">0") -> 24 | AV45: =COUNTIF(AV10:AV40,">0") -> 29 | AW45: =COUNTIF(AW10:AW40,">0") -> 11 | AX45: =COUNTIF(AX10:AX40,">0") -> 20 | AY45: =COUNTIF(AY10:AY40,">0") -> 15 | ... BC45: =COUNTIF(BC10:BC40,">0") -> 29 | BE45: HH | BF45: =COUNTIF(BF10:BF40,">0") -> 14 | BG45: =COUNTIF(BG10:BG40,">0") -> 24 | BH45: =COUNTIF(BH10:BH40,">0") -> 16 | BI45: =COUNTIF(BI10:BI40,">0") -> 24 | BJ45: =COUNTIF(BJ10:BJ40,">0") -> 29 | BK45: =COUNTIF(BK10:BK40,">0") -> 11 | BL45: =COUNTIF(BL10:BL40,">0") -> 20 | BM45: =COUNTIF(BM10:BM40,">0") -> 15 | ... BQ45: =COUNTIF(BQ10:BQ40,">0") -> 29
A47: Tahun 2014 | O47: Tahun 2014 | AC47: Tahun 2014 | AQ47: Tahun 2014 | BE47: Tahun 2014
B48: Bulan | P48: Bulan | AD48: Bulan | AR48: Bulan | BF48: Bulan
B49: Jan | C49: Feb | D49: Mar | E49: Apr | F49: Mei | G49: Jun | H49: Jul | I49: Agt | J49: Sept | K49: Okt | L49: Nov | M49: Des | P49: Jan | Q49: Feb | R49: Mar | S49: Apr | T49: Mei | U49: Jun | V49: Jul | W49: Agt | X49: Sept | Y49: Okt | Z49: Nov | AA49: Des | AD49: Jan | AE49: Feb | AF49: Mar | AG49: Apr | AH49: Mei | AI49: Jun | AJ49: Jul | AK49: Agt | AL49: Sept | AM49: Okt | AN49: Nov | AO49: Des | AR49: Jan | AS49: Feb | AT49: Mar | AU49: Apr | AV49: Mei | AW49: Jun | AX49: Jul | AY49: Agt | AZ49: Sept | BA49: Okt | BB49: Nov | BC49: Des | BF49: Jan | BG49: Feb | BH49: Mar | BI49: Apr | BJ49: Mei | BK49: Jun | BL49: Jul | BM49: Agt | BN49: Sept | BO49: Okt | BP49: Nov | BQ49: Des
A50: 1 | B50: =IF('Data 2'!B50<0.1,0,'Data 2'!B50) -> 10.11929 | C50: =IF('Data 2'!C50<0.1,0,'Data 2'!C50) -> 0 | D50: =IF('Data 2'!D50<0.1,0,'Data 2'!D50) -> 11.414677 | E50: =IF('Data 2'!E50<0.1,0,'Data 2'!E50) -> 38.944194 | F50: =IF('Data 2'!F50<0.1,0,'Data 2'!F50) -> 0 | G50: =IF('Data 2'!G50<0.1,0,'Data 2'!G50) -> 8.9693709 | H50: =IF('Data 2'!H50<0.1,0,'Data 2'!H50) -> 0 | I50: =IF('Data 2'!I50<0.1,0,'Data 2'!I50) -> 2.0143548 | ... M50: =IF('Data 2'!M50<0.1,0,'Data 2'!M50) -> 25.867468 | O50: 1 | P50: ='Stasiun Pontianak Kota'!Q96 -> 0 | Q50: ='Stasiun Pontianak Kota'!R96 -> 0 | R50: ='Stasiun Pontianak Kota'!S96 -> 17 | S50: ='Stasiun Pontianak Kota'!T96 -> 58 | T50: ='Stasiun Pontianak Kota'!U96 -> 0 | U50: ='Stasiun Pontianak Kota'!V96 -> 0 | V50: ='Stasiun Pontianak Kota'!W96 -> 0 | W50: ='Stasiun Pontianak Kota'!X96 -> 3 | ... AA50: ='Stasiun Pontianak Kota'!AB96 -> 30.5 | AC50: 1 | AD50: ='Sta. Meteorologi pnk'!B53 -> 30.8 | AE50: ='Sta. Meteorologi pnk'!C53 -> 0 | AF50: ='Sta. Meteorologi pnk'!D53 -> 0 | AG50: ='Sta. Meteorologi pnk'!E53 -> 0 | AH50: ='Sta. Meteorologi pnk'!F53 -> 0 | AI50: ='Sta. Meteorologi pnk'!G53 -> 27.3 | AJ50: ='Sta. Meteorologi pnk'!H53 -> 0 | AK50: ='Sta. Meteorologi pnk'!I53 -> 0 | ... AO50: ='Sta. Meteorologi pnk'!M53 -> 16.4 | AQ50: 1 | AR50: =((P50/($AV$1^2))+(AD50/($AV$2^2)))/((1/($AV$1^2))+(1/($AV$2^2))) -> 20.826797 | AS50: =((Q50/($AV$1^2))+(AE50/($AV$2^2)))/((1/($AV$1^2))+(1/($AV$2^2))) -> 0 | AT50: =((R50/($AV$1^2))+(AF50/($AV$2^2)))/((1/($AV$1^2))+(1/($AV$2^2))) -> 5.5046901 | AU50: =((S50/($AV$1^2))+(AG50/($AV$2^2)))/((1/($AV$1^2))+(1/($AV$2^2))) -> 18.780707 | AV50: =((T50/($AV$1^2))+(AH50/($AV$2^2)))/((1/($AV$1^2))+(1/($AV$2^2))) -> 0 | AW50: =((U50/($AV$1^2))+(AI50/($AV$2^2)))/((1/($AV$1^2))+(1/($AV$2^2))) -> 18.460115 | AX50: =((V50/($AV$1^2))+(AJ50/($AV$2^2)))/((1/($AV$1^2))+(1/($AV$2^2))) -> 0 | AY50: =((W50/($AV$1^2))+(AK50/($AV$2^2)))/((1/($AV$1^2))+(1/($AV$2^2))) -> 0.9714159 | ... BC50: =((AA50/($AV$1^2))+(AO50/($AV$2^2)))/((1/($AV$1^2))+(1/($AV$2^2))) -> 20.965655 | BE50: 1 | BF50: =((B50/($BI$1^2))+(P50/($AV$1^2))+(AD50/($AV$2^2)))/((1/($BI$1^2))+(1/($AV$1^2))+(1/($AV$2^2))) -> 19.485967 | BG50: =((C50/($BI$1^2))+(Q50/($AV$1^2))+(AE50/($AV$2^2)))/((1/($BI$1^2))+(1/($AV$1^2))+(1/($AV$2^2))) -> 0 | BH50: =((D50/($BI$1^2))+(R50/($AV$1^2))+(AF50/($AV$2^2)))/((1/($BI$1^2))+(1/($AV$1^2))+(1/($AV$2^2))) -> 6.2447587 | BI50: =((E50/($BI$1^2))+(S50/($AV$1^2))+(AG50/($AV$2^2)))/((1/($BI$1^2))+(1/($AV$1^2))+(1/($AV$2^2))) -> 21.305647 | BJ50: =((F50/($BI$1^2))+(T50/($AV$1^2))+(AH50/($AV$2^2)))/((1/($BI$1^2))+(1/($AV$1^2))+(1/($AV$2^2))) -> 0 | BK50: =((G50/($BI$1^2))+(U50/($AV$1^2))+(AI50/($AV$2^2)))/((1/($BI$1^2))+(1/($AV$1^2))+(1/($AV$2^2))) -> 17.271652 | BL50: =((H50/($BI$1^2))+(V50/($AV$1^2))+(AJ50/($AV$2^2)))/((1/($BI$1^2))+(1/($AV$1^2))+(1/($AV$2^2))) -> 0 | BM50: =((I50/($BI$1^2))+(W50/($AV$1^2))+(AK50/($AV$2^2)))/((1/($BI$1^2))+(1/($AV$1^2))+(1/($AV$2^2))) -> 1.1020162 | ... BQ50: =((M50/($BI$1^2))+(AA50/($AV$1^2))+(AO50/($AV$2^2)))/((1/($BI$1^2))+(1/($AV$1^2))+(1/($AV$2^2))) -> 21.579476
A51: 2 | B51: =IF('Data 2'!B51<0.1,0,'Data 2'!B51) -> 27.529516 | C51: =IF('Data 2'!C51<0.1,0,'Data 2'!C51) -> 0 | D51: =IF('Data 2'!D51<0.1,0,'Data 2'!D51) -> 0 | E51: =IF('Data 2'!E51<0.1,0,'Data 2'!E51) -> 2.9569355 | F51: =IF('Data 2'!F51<0.1,0,'Data 2'!F51) -> 2.1684193 | G51: =IF('Data 2'!G51<0.1,0,'Data 2'!G51) -> 32.026484 | H51: =IF('Data 2'!H51<0.1,0,'Data 2'!H51) -> 2.0143548 | I51: =IF('Data 2'!I51<0.1,0,'Data 2'!I51) -> 0 | ... M51: =IF('Data 2'!M51<0.1,0,'Data 2'!M51) -> 12.891871 | O51: 2 | P51: ='Stasiun Pontianak Kota'!Q97 -> 41 | Q51: ='Stasiun Pontianak Kota'!R97 -> 0 | R51: ='Stasiun Pontianak Kota'!S97 -> 0 | S51: ='Stasiun Pontianak Kota'!T97 -> 0 | T51: ='Stasiun Pontianak Kota'!U97 -> 0 | U51: ='Stasiun Pontianak Kota'!V97 -> 43 | V51: ='Stasiun Pontianak Kota'!W97 -> 3 | W51: ='Stasiun Pontianak Kota'!X97 -> 0 | ... AA51: ='Stasiun Pontianak Kota'!AB97 -> 19.2 | AC51: 2 | AD51: ='Sta. Meteorologi pnk'!B54 -> 0 | AE51: ='Sta. Meteorologi pnk'!C54 -> 0 | AF51: ='Sta. Meteorologi pnk'!D54 -> 0 | AG51: ='Sta. Meteorologi pnk'!E54 -> 9 | AH51: ='Sta. Meteorologi pnk'!F54 -> 6.6 | AI51: ='Sta. Meteorologi pnk'!G54 -> 9.6 | AJ51: ='Sta. Meteorologi pnk'!H54 -> 0 | AK51: ='Sta. Meteorologi pnk'!I54 -> 0 | ... AO51: ='Sta. Meteorologi pnk'!M54 -> 0 | AQ51: 2 | AR51: =((P51/($AV$1^2))+(AD51/($AV$2^2)))/((1/($AV$1^2))+(1/($AV$2^2))) -> 13.276017 | AS51: =((Q51/($AV$1^2))+(AE51/($AV$2^2)))/((1/($AV$1^2))+(1/($AV$2^2))) -> 0 | AT51: =((R51/($AV$1^2))+(AF51/($AV$2^2)))/((1/($AV$1^2))+(1/($AV$2^2))) -> 0 | AU51: =((S51/($AV$1^2))+(AG51/($AV$2^2)))/((1/($AV$1^2))+(1/($AV$2^2))) -> 6.0857523 | AV51: =((T51/($AV$1^2))+(AH51/($AV$2^2)))/((1/($AV$1^2))+(1/($AV$2^2))) -> 4.462885 | AW51: =((U51/($AV$1^2))+(AI51/($AV$2^2)))/((1/($AV$1^2))+(1/($AV$2^2))) -> 20.415097 | AX51: =((V51/($AV$1^2))+(AJ51/($AV$2^2)))/((1/($AV$1^2))+(1/($AV$2^2))) -> 0.9714159 | AY51: =((W51/($AV$1^2))+(AK51/($AV$2^2)))/((1/($AV$1^2))+(1/($AV$2^2))) -> 0 | ... BC51: =((AA51/($AV$1^2))+(AO51/($AV$2^2)))/((1/($AV$1^2))+(1/($AV$2^2))) -> 6.2170617 | BE51: 2 | BF51: =((B51/($BI$1^2))+(P51/($AV$1^2))+(AD51/($AV$2^2)))/((1/($BI$1^2))+(1/($AV$1^2))+(1/($AV$2^2))) -> 15.060889 | BG51: =((C51/($BI$1^2))+(Q51/($AV$1^2))+(AE51/($AV$2^2)))/((1/($BI$1^2))+(1/($AV$1^2))+(1/($AV$2^2))) -> 0 | BH51: =((D51/($BI$1^2))+(R51/($AV$1^2))+(AF51/($AV$2^2)))/((1/($BI$1^2))+(1/($AV$1^2))+(1/($AV$2^2))) -> 0 | BI51: =((E51/($BI$1^2))+(S51/($AV$1^2))+(AG51/($AV$2^2)))/((1/($BI$1^2))+(1/($AV$1^2))+(1/($AV$2^2))) -> 5.6939513 | BJ51: =((F51/($BI$1^2))+(T51/($AV$1^2))+(AH51/($AV$2^2)))/((1/($BI$1^2))+(1/($AV$1^2))+(1/($AV$2^2))) -> 4.1755643 | BK51: =((G51/($BI$1^2))+(U51/($AV$1^2))+(AI51/($AV$2^2)))/((1/($BI$1^2))+(1/($AV$1^2))+(1/($AV$2^2))) -> 21.869114 | BL51: =((H51/($BI$1^2))+(V51/($AV$1^2))+(AJ51/($AV$2^2)))/((1/($BI$1^2))+(1/($AV$1^2))+(1/($AV$2^2))) -> 1.1020162 | BM51: =((I51/($BI$1^2))+(W51/($AV$1^2))+(AK51/($AV$2^2)))/((1/($BI$1^2))+(1/($AV$1^2))+(1/($AV$2^2))) -> 0 | ... BQ51: =((M51/($BI$1^2))+(AA51/($AV$1^2))+(AO51/($AV$2^2)))/((1/($BI$1^2))+(1/($AV$1^2))+(1/($AV$2^2))) -> 7.052904
A52: 3 | B52: =IF('Data 2'!B52<0.1,0,'Data 2'!B52) -> 0 | C52: =IF('Data 2'!C52<0.1,0,'Data 2'!C52) -> 0 | D52: =IF('Data 2'!D52<0.1,0,'Data 2'!D52) -> 0 | E52: =IF('Data 2'!E52<0.1,0,'Data 2'!E52) -> 6.5728871 | F52: =IF('Data 2'!F52<0.1,0,'Data 2'!F52) -> 14.100484 | G52: =IF('Data 2'!G52<0.1,0,'Data 2'!G52) -> 5.3716129 | H52: =IF('Data 2'!H52<0.1,0,'Data 2'!H52) -> 0 | I52: =IF('Data 2'!I52<0.1,0,'Data 2'!I52) -> 0.32854838 | ... M52: =IF('Data 2'!M52<0.1,0,'Data 2'!M52) -> 0 | O52: 3 | P52: ='Stasiun Pontianak Kota'!Q98 -> 0 | Q52: ='Stasiun Pontianak Kota'!R98 -> 0 | R52: ='Stasiun Pontianak Kota'!S98 -> 0 | S52: ='Stasiun Pontianak Kota'!T98 -> 7 | T52: ='Stasiun Pontianak Kota'!U98 -> 21 | U52: ='Stasiun Pontianak Kota'!V98 -> 8 | V52: ='Stasiun Pontianak Kota'!W98 -> 0 | W52: ='Stasiun Pontianak Kota'!X98 -> 0 | ... AA52: ='Stasiun Pontianak Kota'!AB98 -> 0 | AC52: 3 | AD52: ='Sta. Meteorologi pnk'!B55 -> 0 | AE52: ='Sta. Meteorologi pnk'!C55 -> 0 | AF52: ='Sta. Meteorologi pnk'!D55 -> 0 | AG52: ='Sta. Meteorologi pnk'!E55 -> 5.7 | AH52: ='Sta. Meteorologi pnk'!F55 -> 0 | AI52: ='Sta. Meteorologi pnk'!G55 -> 0 | AJ52: ='Sta. Meteorologi pnk'!H55 -> 0 | AK52: ='Sta. Meteorologi pnk'!I55 -> 1 | ... AO52: ='Sta. Meteorologi pnk'!M55 -> 0 | AQ52: 3 | AR52: =((P52/($AV$1^2))+(AD52/($AV$2^2)))/((1/($AV$1^2))+(1/($AV$2^2))) -> 0 | AS52: =((Q52/($AV$1^2))+(AE52/($AV$2^2)))/((1/($AV$1^2))+(1/($AV$2^2))) -> 0 | AT52: =((R52/($AV$1^2))+(AF52/($AV$2^2)))/((1/($AV$1^2))+(1/($AV$2^2))) -> 0 | AU52: =((S52/($AV$1^2))+(AG52/($AV$2^2)))/((1/($AV$1^2))+(1/($AV$2^2))) -> 6.1209469 | AV52: =((T52/($AV$1^2))+(AH52/($AV$2^2)))/((1/($AV$1^2))+(1/($AV$2^2))) -> 6.7999113 | AW52: =((U52/($AV$1^2))+(AI52/($AV$2^2)))/((1/($AV$1^2))+(1/($AV$2^2))) -> 2.5904424 | AX52: =((V52/($AV$1^2))+(AJ52/($AV$2^2)))/((1/($AV$1^2))+(1/($AV$2^2))) -> 0 | AY52: =((W52/($AV$1^2))+(AK52/($AV$2^2)))/((1/($AV$1^2))+(1/($AV$2^2))) -> 0.6761947 | ... BC52: =((AA52/($AV$1^2))+(AO52/($AV$2^2)))/((1/($AV$1^2))+(1/($AV$2^2))) -> 0 | BE52: 3 | BF52: =((B52/($BI$1^2))+(P52/($AV$1^2))+(AD52/($AV$2^2)))/((1/($BI$1^2))+(1/($AV$1^2))+(1/($AV$2^2))) -> 0 | BG52: =((C52/($BI$1^2))+(Q52/($AV$1^2))+(AE52/($AV$2^2)))/((1/($BI$1^2))+(1/($AV$1^2))+(1/($AV$2^2))) -> 0 | BH52: =((D52/($BI$1^2))+(R52/($AV$1^2))+(AF52/($AV$2^2)))/((1/($BI$1^2))+(1/($AV$1^2))+(1/($AV$2^2))) -> 0 | BI52: =((E52/($BI$1^2))+(S52/($AV$1^2))+(AG52/($AV$2^2)))/((1/($BI$1^2))+(1/($AV$1^2))+(1/($AV$2^2))) -> 6.1775404 | BJ52: =((F52/($BI$1^2))+(T52/($AV$1^2))+(AH52/($AV$2^2)))/((1/($BI$1^2))+(1/($AV$1^2))+(1/($AV$2^2))) -> 7.7141137 | BK52: =((G52/($BI$1^2))+(U52/($AV$1^2))+(AI52/($AV$2^2)))/((1/($BI$1^2))+(1/($AV$1^2))+(1/($AV$2^2))) -> 2.93871 | BL52: =((H52/($BI$1^2))+(V52/($AV$1^2))+(AJ52/($AV$2^2)))/((1/($BI$1^2))+(1/($AV$1^2))+(1/($AV$2^2))) -> 0 | BM52: =((I52/($BI$1^2))+(W52/($AV$1^2))+(AK52/($AV$2^2)))/((1/($BI$1^2))+(1/($AV$1^2))+(1/($AV$2^2))) -> 0.63266125 | ... BQ52: =((M52/($BI$1^2))+(AA52/($AV$1^2))+(AO52/($AV$2^2)))/((1/($BI$1^2))+(1/($AV$1^2))+(1/($AV$2^2))) -> 0
A53: 4 | B53: =IF('Data 2'!B53<0.1,0,'Data 2'!B53) -> 1.3141935 | C53: =IF('Data 2'!C53<0.1,0,'Data 2'!C53) -> 0 | D53: =IF('Data 2'!D53<0.1,0,'Data 2'!D53) -> 0 | E53: =IF('Data 2'!E53<0.1,0,'Data 2'!E53) -> 25.632226 | F53: =IF('Data 2'!F53<0.1,0,'Data 2'!F53) -> 0 | G53: =IF('Data 2'!G53<0.1,0,'Data 2'!G53) -> 0 | H53: =IF('Data 2'!H53<0.1,0,'Data 2'!H53) -> 0.32854838 | I53: =IF('Data 2'!I53<0.1,0,'Data 2'!I53) -> 0 | ... M53: =IF('Data 2'!M53<0.1,0,'Data 2'!M53) -> 0.4271129 | O53: 4 | P53: ='Stasiun Pontianak Kota'!Q99 -> 0 | Q53: ='Stasiun Pontianak Kota'!R99 -> 0 | R53: ='Stasiun Pontianak Kota'!S99 -> 0 | S53: ='Stasiun Pontianak Kota'!T99 -> 37 | T53: ='Stasiun Pontianak Kota'!U99 -> 0 | U53: ='Stasiun Pontianak Kota'!V99 -> 0 | V53: ='Stasiun Pontianak Kota'!W99 -> 0 | W53: ='Stasiun Pontianak Kota'!X99 -> 0 | ... AA53: ='Stasiun Pontianak Kota'!AB99 -> 0 | AC53: 4 | AD53: ='Sta. Meteorologi pnk'!B56 -> 4 | AE53: ='Sta. Meteorologi pnk'!C56 -> 0 | AF53: ='Sta. Meteorologi pnk'!D56 -> 0 | AG53: ='Sta. Meteorologi pnk'!E56 -> 2.4 | AH53: ='Sta. Meteorologi pnk'!F56 -> 0 | AI53: ='Sta. Meteorologi pnk'!G56 -> 0 | AJ53: ='Sta. Meteorologi pnk'!H56 -> 1 | AK53: ='Sta. Meteorologi pnk'!I56 -> 0 | ... AO53: ='Sta. Meteorologi pnk'!M56 -> 1.3 | AQ53: 4 | AR53: =((P53/($AV$1^2))+(AD53/($AV$2^2)))/((1/($AV$1^2))+(1/($AV$2^2))) -> 2.7047788 | AS53: =((Q53/($AV$1^2))+(AE53/($AV$2^2)))/((1/($AV$1^2))+(1/($AV$2^2))) -> 0 | AT53: =((R53/($AV$1^2))+(AF53/($AV$2^2)))/((1/($AV$1^2))+(1/($AV$2^2))) -> 0 | AU53: =((S53/($AV$1^2))+(AG53/($AV$2^2)))/((1/($AV$1^2))+(1/($AV$2^2))) -> 13.603663 | AV53: =((T53/($AV$1^2))+(AH53/($AV$2^2)))/((1/($AV$1^2))+(1/($AV$2^2))) -> 0 | AW53: =((U53/($AV$1^2))+(AI53/($AV$2^2)))/((1/($AV$1^2))+(1/($AV$2^2))) -> 0 | AX53: =((V53/($AV$1^2))+(AJ53/($AV$2^2)))/((1/($AV$1^2))+(1/($AV$2^2))) -> 0.6761947 | AY53: =((W53/($AV$1^2))+(AK53/($AV$2^2)))/((1/($AV$1^2))+(1/($AV$2^2))) -> 0 | ... BC53: =((AA53/($AV$1^2))+(AO53/($AV$2^2)))/((1/($AV$1^2))+(1/($AV$2^2))) -> 0.87905311 | BE53: 4 | BF53: =((B53/($BI$1^2))+(P53/($AV$1^2))+(AD53/($AV$2^2)))/((1/($BI$1^2))+(1/($AV$1^2))+(1/($AV$2^2))) -> 2.530645 | BG53: =((C53/($BI$1^2))+(Q53/($AV$1^2))+(AE53/($AV$2^2)))/((1/($BI$1^2))+(1/($AV$1^2))+(1/($AV$2^2))) -> 0 | BH53: =((D53/($BI$1^2))+(R53/($AV$1^2))+(AF53/($AV$2^2)))/((1/($BI$1^2))+(1/($AV$1^2))+(1/($AV$2^2))) -> 0 | BI53: =((E53/($BI$1^2))+(S53/($AV$1^2))+(AG53/($AV$2^2)))/((1/($BI$1^2))+(1/($AV$1^2))+(1/($AV$2^2))) -> 15.109921 | BJ53: =((F53/($BI$1^2))+(T53/($AV$1^2))+(AH53/($AV$2^2)))/((1/($BI$1^2))+(1/($AV$1^2))+(1/($AV$2^2))) -> 0 | BK53: =((G53/($BI$1^2))+(U53/($AV$1^2))+(AI53/($AV$2^2)))/((1/($BI$1^2))+(1/($AV$1^2))+(1/($AV$2^2))) -> 0 | BL53: =((H53/($BI$1^2))+(V53/($AV$1^2))+(AJ53/($AV$2^2)))/((1/($BI$1^2))+(1/($AV$1^2))+(1/($AV$2^2))) -> 0.63266125 | BM53: =((I53/($BI$1^2))+(W53/($AV$1^2))+(AK53/($AV$2^2)))/((1/($BI$1^2))+(1/($AV$1^2))+(1/($AV$2^2))) -> 0 | ... BQ53: =((M53/($BI$1^2))+(AA53/($AV$1^2))+(AO53/($AV$2^2)))/((1/($BI$1^2))+(1/($AV$1^2))+(1/($AV$2^2))) -> 0.82245963
A54: 5 | B54: =IF('Data 2'!B54<0.1,0,'Data 2'!B54) -> 4.784371 | C54: =IF('Data 2'!C54<0.1,0,'Data 2'!C54) -> 0 | D54: =IF('Data 2'!D54<0.1,0,'Data 2'!D54) -> 0 | E54: =IF('Data 2'!E54<0.1,0,'Data 2'!E54) -> 10.554387 | F54: =IF('Data 2'!F54<0.1,0,'Data 2'!F54) -> 0 | G54: =IF('Data 2'!G54<0.1,0,'Data 2'!G54) -> 15.573193 | H54: =IF('Data 2'!H54<0.1,0,'Data 2'!H54) -> 0 | I54: =IF('Data 2'!I54<0.1,0,'Data 2'!I54) -> 5.7167419 | ... M54: =IF('Data 2'!M54<0.1,0,'Data 2'!M54) -> 0 | O54: 5 | P54: ='Stasiun Pontianak Kota'!Q100 -> 6 | Q54: ='Stasiun Pontianak Kota'!R100 -> 0 | R54: ='Stasiun Pontianak Kota'!S100 -> 0 | S54: ='Stasiun Pontianak Kota'!T100 -> 12 | T54: ='Stasiun Pontianak Kota'!U100 -> 0 | U54: ='Stasiun Pontianak Kota'!V100 -> 0 | V54: ='Stasiun Pontianak Kota'!W100 -> 0 | W54: ='Stasiun Pontianak Kota'!X100 -> 0 | ... AA54: ='Stasiun Pontianak Kota'!AB100 -> 0 | AC54: 5 | AD54: ='Sta. Meteorologi pnk'!B57 -> 2.3 | AE54: ='Sta. Meteorologi pnk'!C57 -> 0 | AF54: ='Sta. Meteorologi pnk'!D57 -> 0 | AG54: ='Sta. Meteorologi pnk'!E57 -> 7.6 | AH54: ='Sta. Meteorologi pnk'!F57 -> 0 | AI54: ='Sta. Meteorologi pnk'!G57 -> 47.4 | AJ54: ='Sta. Meteorologi pnk'!H57 -> 0 | AK54: ='Sta. Meteorologi pnk'!I57 -> 17.4 | ... AO54: ='Sta. Meteorologi pnk'!M57 -> 0 | AQ54: 5 | AR54: =((P54/($AV$1^2))+(AD54/($AV$2^2)))/((1/($AV$1^2))+(1/($AV$2^2))) -> 3.4980796 | AS54: =((Q54/($AV$1^2))+(AE54/($AV$2^2)))/((1/($AV$1^2))+(1/($AV$2^2))) -> 0 | AT54: =((R54/($AV$1^2))+(AF54/($AV$2^2)))/((1/($AV$1^2))+(1/($AV$2^2))) -> 0 | AU54: =((S54/($AV$1^2))+(AG54/($AV$2^2)))/((1/($AV$1^2))+(1/($AV$2^2))) -> 9.0247433 | AV54: =((T54/($AV$1^2))+(AH54/($AV$2^2)))/((1/($AV$1^2))+(1/($AV$2^2))) -> 0 | AW54: =((U54/($AV$1^2))+(AI54/($AV$2^2)))/((1/($AV$1^2))+(1/($AV$2^2))) -> 32.051629 | AX54: =((V54/($AV$1^2))+(AJ54/($AV$2^2)))/((1/($AV$1^2))+(1/($AV$2^2))) -> 0 | AY54: =((W54/($AV$1^2))+(AK54/($AV$2^2)))/((1/($AV$1^2))+(1/($AV$2^2))) -> 11.765788 | ... BC54: =((AA54/($AV$1^2))+(AO54/($AV$2^2)))/((1/($AV$1^2))+(1/($AV$2^2))) -> 0 | BE54: 5 | BF54: =((B54/($BI$1^2))+(P54/($AV$1^2))+(AD54/($AV$2^2)))/((1/($BI$1^2))+(1/($AV$1^2))+(1/($AV$2^2))) -> 3.6591534 | BG54: =((C54/($BI$1^2))+(Q54/($AV$1^2))+(AE54/($AV$2^2)))/((1/($BI$1^2))+(1/($AV$1^2))+(1/($AV$2^2))) -> 0 | BH54: =((D54/($BI$1^2))+(R54/($AV$1^2))+(AF54/($AV$2^2)))/((1/($BI$1^2))+(1/($AV$1^2))+(1/($AV$2^2))) -> 0 | BI54: =((E54/($BI$1^2))+(S54/($AV$1^2))+(AG54/($AV$2^2)))/((1/($BI$1^2))+(1/($AV$1^2))+(1/($AV$2^2))) -> 9.2162905 | BJ54: =((F54/($BI$1^2))+(T54/($AV$1^2))+(AH54/($AV$2^2)))/((1/($BI$1^2))+(1/($AV$1^2))+(1/($AV$2^2))) -> 0 | BK54: =((G54/($BI$1^2))+(U54/($AV$1^2))+(AI54/($AV$2^2)))/((1/($BI$1^2))+(1/($AV$1^2))+(1/($AV$2^2))) -> 29.988143 | BL54: =((H54/($BI$1^2))+(V54/($AV$1^2))+(AJ54/($AV$2^2)))/((1/($BI$1^2))+(1/($AV$1^2))+(1/($AV$2^2))) -> 0 | BM54: =((I54/($BI$1^2))+(W54/($AV$1^2))+(AK54/($AV$2^2)))/((1/($BI$1^2))+(1/($AV$1^2))+(1/($AV$2^2))) -> 11.008306 | ... BQ54: =((M54/($BI$1^2))+(AA54/($AV$1^2))+(AO54/($AV$2^2)))/((1/($BI$1^2))+(1/($AV$1^2))+(1/($AV$2^2))) -> 0
A55: 6 | B55: =IF('Data 2'!B55<0.1,0,'Data 2'!B55) -> 1.3757581 | C55: =IF('Data 2'!C55<0.1,0,'Data 2'!C55) -> 0 | D55: =IF('Data 2'!D55<0.1,0,'Data 2'!D55) -> 0 | E55: =IF('Data 2'!E55<0.1,0,'Data 2'!E55) -> 4.963 | F55: =IF('Data 2'!F55<0.1,0,'Data 2'!F55) -> 6.5381129 | G55: =IF('Data 2'!G55<0.1,0,'Data 2'!G55) -> 51.015968 | H55: =IF('Data 2'!H55<0.1,0,'Data 2'!H55) -> 0 | I55: =IF('Data 2'!I55<0.1,0,'Data 2'!I55) -> 1.3429032 | ... M55: =IF('Data 2'!M55<0.1,0,'Data 2'!M55) -> 0 | O55: 6 | P55: ='Stasiun Pontianak Kota'!Q101 -> 2 | Q55: ='Stasiun Pontianak Kota'!R101 -> 0 | R55: ='Stasiun Pontianak Kota'!S101 -> 0 | S55: ='Stasiun Pontianak Kota'!T101 -> 7 | T55: ='Stasiun Pontianak Kota'!U101 -> 0 | U55: ='Stasiun Pontianak Kota'!V101 -> 75 | V55: ='Stasiun Pontianak Kota'!W101 -> 0 | W55: ='Stasiun Pontianak Kota'!X101 -> 2 | ... AA55: ='Stasiun Pontianak Kota'!AB101 -> 0 | AC55: 6 | AD55: ='Sta. Meteorologi pnk'!B58 -> 0.1 | AE55: ='Sta. Meteorologi pnk'!C58 -> 0 | AF55: ='Sta. Meteorologi pnk'!D58 -> 0 | AG55: ='Sta. Meteorologi pnk'!E58 -> 0.8 | AH55: ='Sta. Meteorologi pnk'!F58 -> 19.9 | AI55: ='Sta. Meteorologi pnk'!G58 -> 2 | AJ55: ='Sta. Meteorologi pnk'!H58 -> 0 | AK55: ='Sta. Meteorologi pnk'!I58 -> 0 | ... AO55: ='Sta. Meteorologi pnk'!M58 -> 0 | AQ55: 6 | AR55: =((P55/($AV$1^2))+(AD55/($AV$2^2)))/((1/($AV$1^2))+(1/($AV$2^2))) -> 0.71523007 | AS55: =((Q55/($AV$1^2))+(AE55/($AV$2^2)))/((1/($AV$1^2))+(1/($AV$2^2))) -> 0 | AT55: =((R55/($AV$1^2))+(AF55/($AV$2^2)))/((1/($AV$1^2))+(1/($AV$2^2))) -> 0 | AU55: =((S55/($AV$1^2))+(AG55/($AV$2^2)))/((1/($AV$1^2))+(1/($AV$2^2))) -> 2.8075929 | AV55: =((T55/($AV$1^2))+(AH55/($AV$2^2)))/((1/($AV$1^2))+(1/($AV$2^2))) -> 13.456275 | AW55: =((U55/($AV$1^2))+(AI55/($AV$2^2)))/((1/($AV$1^2))+(1/($AV$2^2))) -> 25.637787 | AX55: =((V55/($AV$1^2))+(AJ55/($AV$2^2)))/((1/($AV$1^2))+(1/($AV$2^2))) -> 0 | AY55: =((W55/($AV$1^2))+(AK55/($AV$2^2)))/((1/($AV$1^2))+(1/($AV$2^2))) -> 0.6476106 | ... BC55: =((AA55/($AV$1^2))+(AO55/($AV$2^2)))/((1/($AV$1^2))+(1/($AV$2^2))) -> 0 | BE55: 6 | BF55: =((B55/($BI$1^2))+(P55/($AV$1^2))+(AD55/($AV$2^2)))/((1/($BI$1^2))+(1/($AV$1^2))+(1/($AV$2^2))) -> 0.79794362 | BG55: =((C55/($BI$1^2))+(Q55/($AV$1^2))+(AE55/($AV$2^2)))/((1/($BI$1^2))+(1/($AV$1^2))+(1/($AV$2^2))) -> 0 | BH55: =((D55/($BI$1^2))+(R55/($AV$1^2))+(AF55/($AV$2^2)))/((1/($BI$1^2))+(1/($AV$1^2))+(1/($AV$2^2))) -> 0 | BI55: =((E55/($BI$1^2))+(S55/($AV$1^2))+(AG55/($AV$2^2)))/((1/($BI$1^2))+(1/($AV$1^2))+(1/($AV$2^2))) -> 3.0775002 | BJ55: =((F55/($BI$1^2))+(T55/($AV$1^2))+(AH55/($AV$2^2)))/((1/($BI$1^2))+(1/($AV$1^2))+(1/($AV$2^2))) -> 12.589959 | BK55: =((G55/($BI$1^2))+(U55/($AV$1^2))+(AI55/($AV$2^2)))/((1/($BI$1^2))+(1/($AV$1^2))+(1/($AV$2^2))) -> 28.815729 | BL55: =((H55/($BI$1^2))+(V55/($AV$1^2))+(AJ55/($AV$2^2)))/((1/($BI$1^2))+(1/($AV$1^2))+(1/($AV$2^2))) -> 0 | BM55: =((I55/($BI$1^2))+(W55/($AV$1^2))+(AK55/($AV$2^2)))/((1/($BI$1^2))+(1/($AV$1^2))+(1/($AV$2^2))) -> 0.7346775 | ... BQ55: =((M55/($BI$1^2))+(AA55/($AV$1^2))+(AO55/($AV$2^2)))/((1/($BI$1^2))+(1/($AV$1^2))+(1/($AV$2^2))) -> 0
A56: 7 | B56: =IF('Data 2'!B56<0.1,0,'Data 2'!B56) -> 1.7084516 | C56: =IF('Data 2'!C56<0.1,0,'Data 2'!C56) -> 0 | D56: =IF('Data 2'!D56<0.1,0,'Data 2'!D56) -> 0 | E56: =IF('Data 2'!E56<0.1,0,'Data 2'!E56) -> 9.4003226 | F56: =IF('Data 2'!F56<0.1,0,'Data 2'!F56) -> 11.663161 | G56: =IF('Data 2'!G56<0.1,0,'Data 2'!G56) -> 0 | H56: =IF('Data 2'!H56<0.1,0,'Data 2'!H56) -> 1.2484839 | I56: =IF('Data 2'!I56<0.1,0,'Data 2'!I56) -> 0 | ... M56: =IF('Data 2'!M56<0.1,0,'Data 2'!M56) -> 0 | O56: 7 | P56: ='Stasiun Pontianak Kota'!Q102 -> 0 | Q56: ='Stasiun Pontianak Kota'!R102 -> 0 | R56: ='Stasiun Pontianak Kota'!S102 -> 0 | S56: ='Stasiun Pontianak Kota'!T102 -> 14 | T56: ='Stasiun Pontianak Kota'!U102 -> 16 | U56: ='Stasiun Pontianak Kota'!V102 -> 0 | V56: ='Stasiun Pontianak Kota'!W102 -> 0 | W56: ='Stasiun Pontianak Kota'!X102 -> 0 | ... AA56: ='Stasiun Pontianak Kota'!AB102 -> 0 | AC56: 7 | AD56: ='Sta. Meteorologi pnk'!B59 -> 5.2 | AE56: ='Sta. Meteorologi pnk'!C59 -> 0 | AF56: ='Sta. Meteorologi pnk'!D59 -> 0 | AG56: ='Sta. Meteorologi pnk'!E59 -> 0 | AH56: ='Sta. Meteorologi pnk'!F59 -> 2.8 | AI56: ='Sta. Meteorologi pnk'!G59 -> 0 | AJ56: ='Sta. Meteorologi pnk'!H59 -> 3.8 | AK56: ='Sta. Meteorologi pnk'!I59 -> 0 | ... AO56: ='Sta. Meteorologi pnk'!M59 -> 0 | AQ56: 7 | AR56: =((P56/($AV$1^2))+(AD56/($AV$2^2)))/((1/($AV$1^2))+(1/($AV$2^2))) -> 3.5162124 | AS56: =((Q56/($AV$1^2))+(AE56/($AV$2^2)))/((1/($AV$1^2))+(1/($AV$2^2))) -> 0 | AT56: =((R56/($AV$1^2))+(AF56/($AV$2^2)))/((1/($AV$1^2))+(1/($AV$2^2))) -> 0 | AU56: =((S56/($AV$1^2))+(AG56/($AV$2^2)))/((1/($AV$1^2))+(1/($AV$2^2))) -> 4.5332742 | AV56: =((T56/($AV$1^2))+(AH56/($AV$2^2)))/((1/($AV$1^2))+(1/($AV$2^2))) -> 7.0742299 | AW56: =((U56/($AV$1^2))+(AI56/($AV$2^2)))/((1/($AV$1^2))+(1/($AV$2^2))) -> 0 | AX56: =((V56/($AV$1^2))+(AJ56/($AV$2^2)))/((1/($AV$1^2))+(1/($AV$2^2))) -> 2.5695399 | AY56: =((W56/($AV$1^2))+(AK56/($AV$2^2)))/((1/($AV$1^2))+(1/($AV$2^2))) -> 0 | ... BC56: =((AA56/($AV$1^2))+(AO56/($AV$2^2)))/((1/($AV$1^2))+(1/($AV$2^2))) -> 0 | BE56: 7 | BF56: =((B56/($BI$1^2))+(P56/($AV$1^2))+(AD56/($AV$2^2)))/((1/($BI$1^2))+(1/($AV$1^2))+(1/($AV$2^2))) -> 3.2898385 | BG56: =((C56/($BI$1^2))+(Q56/($AV$1^2))+(AE56/($AV$2^2)))/((1/($BI$1^2))+(1/($AV$1^2))+(1/($AV$2^2))) -> 0 | BH56: =((D56/($BI$1^2))+(R56/($AV$1^2))+(AF56/($AV$2^2)))/((1/($BI$1^2))+(1/($AV$1^2))+(1/($AV$2^2))) -> 0 | BI56: =((E56/($BI$1^2))+(S56/($AV$1^2))+(AG56/($AV$2^2)))/((1/($BI$1^2))+(1/($AV$1^2))+(1/($AV$2^2))) -> 5.1427425 | BJ56: =((F56/($BI$1^2))+(T56/($AV$1^2))+(AH56/($AV$2^2)))/((1/($BI$1^2))+(1/($AV$1^2))+(1/($AV$2^2))) -> 7.6488715 | BK56: =((G56/($BI$1^2))+(U56/($AV$1^2))+(AI56/($AV$2^2)))/((1/($BI$1^2))+(1/($AV$1^2))+(1/($AV$2^2))) -> 0 | BL56: =((H56/($BI$1^2))+(V56/($AV$1^2))+(AJ56/($AV$2^2)))/((1/($BI$1^2))+(1/($AV$1^2))+(1/($AV$2^2))) -> 2.4041128 | BM56: =((I56/($BI$1^2))+(W56/($AV$1^2))+(AK56/($AV$2^2)))/((1/($BI$1^2))+(1/($AV$1^2))+(1/($AV$2^2))) -> 0 | ... BQ56: =((M56/($BI$1^2))+(AA56/($AV$1^2))+(AO56/($AV$2^2)))/((1/($BI$1^2))+(1/($AV$1^2))+(1/($AV$2^2))) -> 0
A57: 8 | B57: =IF('Data 2'!B57<0.1,0,'Data 2'!B57) -> 2.6858065 | C57: =IF('Data 2'!C57<0.1,0,'Data 2'!C57) -> 0 | D57: =IF('Data 2'!D57<0.1,0,'Data 2'!D57) -> 0 | E57: =IF('Data 2'!E57<0.1,0,'Data 2'!E57) -> 3.1869193 | F57: =IF('Data 2'!F57<0.1,0,'Data 2'!F57) -> 17.051661 | G57: =IF('Data 2'!G57<0.1,0,'Data 2'!G57) -> 8.728871 | H57: =IF('Data 2'!H57<0.1,0,'Data 2'!H57) -> 9.926 | I57: =IF('Data 2'!I57<0.1,0,'Data 2'!I57) -> 0 | ... M57: =IF('Data 2'!M57<0.1,0,'Data 2'!M57) -> 3.5483226 | O57: 8 | P57: ='Stasiun Pontianak Kota'!Q103 -> 4 | Q57: ='Stasiun Pontianak Kota'!R103 -> 0 | R57: ='Stasiun Pontianak Kota'!S103 -> 0 | S57: ='Stasiun Pontianak Kota'!T103 -> 0 | T57: ='Stasiun Pontianak Kota'!U103 -> 0 | U57: ='Stasiun Pontianak Kota'!V103 -> 13 | V57: ='Stasiun Pontianak Kota'!W103 -> 14 | W57: ='Stasiun Pontianak Kota'!X103 -> 0 | ... AA57: ='Stasiun Pontianak Kota'!AB103 -> 0 | AC57: 8 | AD57: ='Sta. Meteorologi pnk'!B60 -> 0 | AE57: ='Sta. Meteorologi pnk'!C60 -> 0 | AF57: ='Sta. Meteorologi pnk'!D60 -> 0 | AG57: ='Sta. Meteorologi pnk'!E60 -> 9.7 | AH57: ='Sta. Meteorologi pnk'!F60 -> 51.9 | AI57: ='Sta. Meteorologi pnk'!G60 -> 0 | AJ57: ='Sta. Meteorologi pnk'!H60 -> 1.6 | AK57: ='Sta. Meteorologi pnk'!I60 -> 0 | ... AO57: ='Sta. Meteorologi pnk'!M60 -> 10.8 | AQ57: 8 | AR57: =((P57/($AV$1^2))+(AD57/($AV$2^2)))/((1/($AV$1^2))+(1/($AV$2^2))) -> 1.2952212 | AS57: =((Q57/($AV$1^2))+(AE57/($AV$2^2)))/((1/($AV$1^2))+(1/($AV$2^2))) -> 0 | AT57: =((R57/($AV$1^2))+(AF57/($AV$2^2)))/((1/($AV$1^2))+(1/($AV$2^2))) -> 0 | AU57: =((S57/($AV$1^2))+(AG57/($AV$2^2)))/((1/($AV$1^2))+(1/($AV$2^2))) -> 6.5590886 | AV57: =((T57/($AV$1^2))+(AH57/($AV$2^2)))/((1/($AV$1^2))+(1/($AV$2^2))) -> 35.094505 | AW57: =((U57/($AV$1^2))+(AI57/($AV$2^2)))/((1/($AV$1^2))+(1/($AV$2^2))) -> 4.2094689 | AX57: =((V57/($AV$1^2))+(AJ57/($AV$2^2)))/((1/($AV$1^2))+(1/($AV$2^2))) -> 5.6151857 | AY57: =((W57/($AV$1^2))+(AK57/($AV$2^2)))/((1/($AV$1^2))+(1/($AV$2^2))) -> 0 | ... BC57: =((AA57/($AV$1^2))+(AO57/($AV$2^2)))/((1/($AV$1^2))+(1/($AV$2^2))) -> 7.3029028 | BE57: 8 | BF57: =((B57/($BI$1^2))+(P57/($AV$1^2))+(AD57/($AV$2^2)))/((1/($BI$1^2))+(1/($AV$1^2))+(1/($AV$2^2))) -> 1.469355 | BG57: =((C57/($BI$1^2))+(Q57/($AV$1^2))+(AE57/($AV$2^2)))/((1/($BI$1^2))+(1/($AV$1^2))+(1/($AV$2^2))) -> 0 | BH57: =((D57/($BI$1^2))+(R57/($AV$1^2))+(AF57/($AV$2^2)))/((1/($BI$1^2))+(1/($AV$1^2))+(1/($AV$2^2))) -> 0 | BI57: =((E57/($BI$1^2))+(S57/($AV$1^2))+(AG57/($AV$2^2)))/((1/($BI$1^2))+(1/($AV$1^2))+(1/($AV$2^2))) -> 6.1368141 | BJ57: =((F57/($BI$1^2))+(T57/($AV$1^2))+(AH57/($AV$2^2)))/((1/($BI$1^2))+(1/($AV$1^2))+(1/($AV$2^2))) -> 32.835119 | BK57: =((G57/($BI$1^2))+(U57/($AV$1^2))+(AI57/($AV$2^2)))/((1/($BI$1^2))+(1/($AV$1^2))+(1/($AV$2^2))) -> 4.7754037 | BL57: =((H57/($BI$1^2))+(V57/($AV$1^2))+(AJ57/($AV$2^2)))/((1/($BI$1^2))+(1/($AV$1^2))+(1/($AV$2^2))) -> 6.1550005 | BM57: =((I57/($BI$1^2))+(W57/($AV$1^2))+(AK57/($AV$2^2)))/((1/($BI$1^2))+(1/($AV$1^2))+(1/($AV$2^2))) -> 0 | ... BQ57: =((M57/($BI$1^2))+(AA57/($AV$1^2))+(AO57/($AV$2^2)))/((1/($BI$1^2))+(1/($AV$1^2))+(1/($AV$2^2))) -> 6.8327415
A58: 9 | B58: =IF('Data 2'!B58<0.1,0,'Data 2'!B58) -> 0 | C58: =IF('Data 2'!C58<0.1,0,'Data 2'!C58) -> 0 | D58: =IF('Data 2'!D58<0.1,0,'Data 2'!D58) -> 0.22998387 | E58: =IF('Data 2'!E58<0.1,0,'Data 2'!E58) -> 11.414677 | F58: =IF('Data 2'!F58<0.1,0,'Data 2'!F58) -> 26.632226 | G58: =IF('Data 2'!G58<0.1,0,'Data 2'!G58) -> 0 | H58: =IF('Data 2'!H58<0.1,0,'Data 2'!H58) -> 8.2401936 | I58: =IF('Data 2'!I58<0.1,0,'Data 2'!I58) -> 1.5113226 | ... M58: =IF('Data 2'!M58<0.1,0,'Data 2'!M58) -> 11.301758 | O58: 9 | P58: ='Stasiun Pontianak Kota'!Q104 -> 0 | Q58: ='Stasiun Pontianak Kota'!R104 -> 0 | R58: ='Stasiun Pontianak Kota'!S104 -> 0 | S58: ='Stasiun Pontianak Kota'!T104 -> 17 | T58: ='Stasiun Pontianak Kota'!U104 -> 38 | U58: ='Stasiun Pontianak Kota'!V104 -> 0 | V58: ='Stasiun Pontianak Kota'!W104 -> 11 | W58: ='Stasiun Pontianak Kota'!X104 -> 0 | ... AA58: ='Stasiun Pontianak Kota'!AB104 -> 16 | AC58: 9 | AD58: ='Sta. Meteorologi pnk'!B61 -> 0.1 | AE58: ='Sta. Meteorologi pnk'!C61 -> 0 | AF58: ='Sta. Meteorologi pnk'!D61 -> 0.7 | AG58: ='Sta. Meteorologi pnk'!E61 -> 0 | AH58: ='Sta. Meteorologi pnk'!F61 -> 3.4 | AI58: ='Sta. Meteorologi pnk'!G61 -> 0 | AJ58: ='Sta. Meteorologi pnk'!H61 -> 2.6 | AK58: ='Sta. Meteorologi pnk'!I61 -> 4.6 | ... AO58: ='Sta. Meteorologi pnk'!M61 -> 1.7 | AQ58: 9 | AR58: =((P58/($AV$1^2))+(AD58/($AV$2^2)))/((1/($AV$1^2))+(1/($AV$2^2))) -> 0.06761947 | AS58: =((Q58/($AV$1^2))+(AE58/($AV$2^2)))/((1/($AV$1^2))+(1/($AV$2^2))) -> 0 | AT58: =((R58/($AV$1^2))+(AF58/($AV$2^2)))/((1/($AV$1^2))+(1/($AV$2^2))) -> 0.47333629 | AU58: =((S58/($AV$1^2))+(AG58/($AV$2^2)))/((1/($AV$1^2))+(1/($AV$2^2))) -> 5.5046901 | AV58: =((T58/($AV$1^2))+(AH58/($AV$2^2)))/((1/($AV$1^2))+(1/($AV$2^2))) -> 14.603663 | AW58: =((U58/($AV$1^2))+(AI58/($AV$2^2)))/((1/($AV$1^2))+(1/($AV$2^2))) -> 0 | AX58: =((V58/($AV$1^2))+(AJ58/($AV$2^2)))/((1/($AV$1^2))+(1/($AV$2^2))) -> 5.3199645 | AY58: =((W58/($AV$1^2))+(AK58/($AV$2^2)))/((1/($AV$1^2))+(1/($AV$2^2))) -> 3.1104956 | ... BC58: =((AA58/($AV$1^2))+(AO58/($AV$2^2)))/((1/($AV$1^2))+(1/($AV$2^2))) -> 6.3304158 | BE58: 9 | BF58: =((B58/($BI$1^2))+(P58/($AV$1^2))+(AD58/($AV$2^2)))/((1/($BI$1^2))+(1/($AV$1^2))+(1/($AV$2^2))) -> 0.059151931 | BG58: =((C58/($BI$1^2))+(Q58/($AV$1^2))+(AE58/($AV$2^2)))/((1/($BI$1^2))+(1/($AV$1^2))+(1/($AV$2^2))) -> 0 | BH58: =((D58/($BI$1^2))+(R58/($AV$1^2))+(AF58/($AV$2^2)))/((1/($BI$1^2))+(1/($AV$1^2))+(1/($AV$2^2))) -> 0.44286288 | BI58: =((E58/($BI$1^2))+(S58/($AV$1^2))+(AG58/($AV$2^2)))/((1/($BI$1^2))+(1/($AV$1^2))+(1/($AV$2^2))) -> 6.2447587 | BJ58: =((F58/($BI$1^2))+(T58/($AV$1^2))+(AH58/($AV$2^2)))/((1/($BI$1^2))+(1/($AV$1^2))+(1/($AV$2^2))) -> 16.109921 | BK58: =((G58/($BI$1^2))+(U58/($AV$1^2))+(AI58/($AV$2^2)))/((1/($BI$1^2))+(1/($AV$1^2))+(1/($AV$2^2))) -> 0 | BL58: =((H58/($BI$1^2))+(V58/($AV$1^2))+(AJ58/($AV$2^2)))/((1/($BI$1^2))+(1/($AV$1^2))+(1/($AV$2^2))) -> 5.6856455 | BM58: =((I58/($BI$1^2))+(W58/($AV$1^2))+(AK58/($AV$2^2)))/((1/($BI$1^2))+(1/($AV$1^2))+(1/($AV$2^2))) -> 2.9102418 | ... BQ58: =((M58/($BI$1^2))+(AA58/($AV$1^2))+(AO58/($AV$2^2)))/((1/($BI$1^2))+(1/($AV$1^2))+(1/($AV$2^2))) -> 6.9529441
A59: 10 | B59: =IF('Data 2'!B59<0.1,0,'Data 2'!B59) -> 2.8255161 | C59: =IF('Data 2'!C59<0.1,0,'Data 2'!C59) -> 0 | D59: =IF('Data 2'!D59<0.1,0,'Data 2'!D59) -> 16.78629 | E59: =IF('Data 2'!E59<0.1,0,'Data 2'!E59) -> 0 | F59: =IF('Data 2'!F59<0.1,0,'Data 2'!F59) -> 1.3429032 | G59: =IF('Data 2'!G59<0.1,0,'Data 2'!G59) -> 0 | H59: =IF('Data 2'!H59<0.1,0,'Data 2'!H59) -> 4.2197742 | I59: =IF('Data 2'!I59<0.1,0,'Data 2'!I59) -> 15.784677 | ... M59: =IF('Data 2'!M59<0.1,0,'Data 2'!M59) -> 0 | O59: 10 | P59: ='Stasiun Pontianak Kota'!Q105 -> 0 | Q59: ='Stasiun Pontianak Kota'!R105 -> 0 | R59: ='Stasiun Pontianak Kota'!S105 -> 25 | S59: ='Stasiun Pontianak Kota'!T105 -> 0 | T59: ='Stasiun Pontianak Kota'!U105 -> 2 | U59: ='Stasiun Pontianak Kota'!V105 -> 0 | V59: ='Stasiun Pontianak Kota'!W105 -> 1 | W59: ='Stasiun Pontianak Kota'!X105 -> 1 | ... AA59: ='Stasiun Pontianak Kota'!AB105 -> 0 | AC59: 10 | AD59: ='Sta. Meteorologi pnk'!B62 -> 8.6 | AE59: ='Sta. Meteorologi pnk'!C62 -> 0 | AF59: ='Sta. Meteorologi pnk'!D62 -> 0 | AG59: ='Sta. Meteorologi pnk'!E62 -> 0 | AH59: ='Sta. Meteorologi pnk'!F62 -> 0 | AI59: ='Sta. Meteorologi pnk'!G62 -> 0 | AJ59: ='Sta. Meteorologi pnk'!H62 -> 10.8 | AK59: ='Sta. Meteorologi pnk'!I62 -> 46 | ... AO59: ='Sta. Meteorologi pnk'!M62 -> 0 | AQ59: 10 | AR59: =((P59/($AV$1^2))+(AD59/($AV$2^2)))/((1/($AV$1^2))+(1/($AV$2^2))) -> 5.8152744 | AS59: =((Q59/($AV$1^2))+(AE59/($AV$2^2)))/((1/($AV$1^2))+(1/($AV$2^2))) -> 0 | AT59: =((R59/($AV$1^2))+(AF59/($AV$2^2)))/((1/($AV$1^2))+(1/($AV$2^2))) -> 8.0951325 | AU59: =((S59/($AV$1^2))+(AG59/($AV$2^2)))/((1/($AV$1^2))+(1/($AV$2^2))) -> 0 | AV59: =((T59/($AV$1^2))+(AH59/($AV$2^2)))/((1/($AV$1^2))+(1/($AV$2^2))) -> 0.6476106 | AW59: =((U59/($AV$1^2))+(AI59/($AV$2^2)))/((1/($AV$1^2))+(1/($AV$2^2))) -> 0 | AX59: =((V59/($AV$1^2))+(AJ59/($AV$2^2)))/((1/($AV$1^2))+(1/($AV$2^2))) -> 7.6267081 | AY59: =((W59/($AV$1^2))+(AK59/($AV$2^2)))/((1/($AV$1^2))+(1/($AV$2^2))) -> 31.428762 | ... BC59: =((AA59/($AV$1^2))+(AO59/($AV$2^2)))/((1/($AV$1^2))+(1/($AV$2^2))) -> 0 | BE59: 10 | BF59: =((B59/($BI$1^2))+(P59/($AV$1^2))+(AD59/($AV$2^2)))/((1/($BI$1^2))+(1/($AV$1^2))+(1/($AV$2^2))) -> 5.4408868 | BG59: =((C59/($BI$1^2))+(Q59/($AV$1^2))+(AE59/($AV$2^2)))/((1/($BI$1^2))+(1/($AV$1^2))+(1/($AV$2^2))) -> 0 | BH59: =((D59/($BI$1^2))+(R59/($AV$1^2))+(AF59/($AV$2^2)))/((1/($BI$1^2))+(1/($AV$1^2))+(1/($AV$2^2))) -> 9.1834687 | BI59: =((E59/($BI$1^2))+(S59/($AV$1^2))+(AG59/($AV$2^2)))/((1/($BI$1^2))+(1/($AV$1^2))+(1/($AV$2^2))) -> 0 | BJ59: =((F59/($BI$1^2))+(T59/($AV$1^2))+(AH59/($AV$2^2)))/((1/($BI$1^2))+(1/($AV$1^2))+(1/($AV$2^2))) -> 0.7346775 | BK59: =((G59/($BI$1^2))+(U59/($AV$1^2))+(AI59/($AV$2^2)))/((1/($BI$1^2))+(1/($AV$1^2))+(1/($AV$2^2))) -> 0 | BL59: =((H59/($BI$1^2))+(V59/($AV$1^2))+(AJ59/($AV$2^2)))/((1/($BI$1^2))+(1/($AV$1^2))+(1/($AV$2^2))) -> 7.2000803 | BM59: =((I59/($BI$1^2))+(W59/($AV$1^2))+(AK59/($AV$2^2)))/((1/($BI$1^2))+(1/($AV$1^2))+(1/($AV$2^2))) -> 29.469756 | ... BQ59: =((M59/($BI$1^2))+(AA59/($AV$1^2))+(AO59/($AV$2^2)))/((1/($BI$1^2))+(1/($AV$1^2))+(1/($AV$2^2))) -> 0
A60: 11 | B60: =IF('Data 2'!B60<0.1,0,'Data 2'!B60) -> 6.7145162 | C60: =IF('Data 2'!C60<0.1,0,'Data 2'!C60) -> 0 | D60: =IF('Data 2'!D60<0.1,0,'Data 2'!D60) -> 0 | E60: =IF('Data 2'!E60<0.1,0,'Data 2'!E60) -> 0 | F60: =IF('Data 2'!F60<0.1,0,'Data 2'!F60) -> 4.4025484 | G60: =IF('Data 2'!G60<0.1,0,'Data 2'!G60) -> 0 | H60: =IF('Data 2'!H60<0.1,0,'Data 2'!H60) -> 3.1170645 | I60: =IF('Data 2'!I60<0.1,0,'Data 2'!I60) -> 48.418823 | ... M60: =IF('Data 2'!M60<0.1,0,'Data 2'!M60) -> 0 | O60: 11 | P60: ='Stasiun Pontianak Kota'!Q106 -> 10 | Q60: ='Stasiun Pontianak Kota'!R106 -> 0 | R60: ='Stasiun Pontianak Kota'!S106 -> 0 | S60: ='Stasiun Pontianak Kota'!T106 -> 0 | T60: ='Stasiun Pontianak Kota'!U106 -> 0 | U60: ='Stasiun Pontianak Kota'!V106 -> 0 | V60: ='Stasiun Pontianak Kota'!W106 -> 2 | W60: ='Stasiun Pontianak Kota'!X106 -> 52 | ... AA60: ='Stasiun Pontianak Kota'!AB106 -> 0 | AC60: 11 | AD60: ='Sta. Meteorologi pnk'!B63 -> 0 | AE60: ='Sta. Meteorologi pnk'!C63 -> 0 | AF60: ='Sta. Meteorologi pnk'!D63 -> 0 | AG60: ='Sta. Meteorologi pnk'!E63 -> 0 | AH60: ='Sta. Meteorologi pnk'!F63 -> 13.4 | AI60: ='Sta. Meteorologi pnk'!G63 -> 0 | AJ60: ='Sta. Meteorologi pnk'!H63 -> 5.4 | AK60: ='Sta. Meteorologi pnk'!I63 -> 41.1 | ... AO60: ='Sta. Meteorologi pnk'!M63 -> 0 | AQ60: 11 | AR60: =((P60/($AV$1^2))+(AD60/($AV$2^2)))/((1/($AV$1^2))+(1/($AV$2^2))) -> 3.238053 | AS60: =((Q60/($AV$1^2))+(AE60/($AV$2^2)))/((1/($AV$1^2))+(1/($AV$2^2))) -> 0 | AT60: =((R60/($AV$1^2))+(AF60/($AV$2^2)))/((1/($AV$1^2))+(1/($AV$2^2))) -> 0 | AU60: =((S60/($AV$1^2))+(AG60/($AV$2^2)))/((1/($AV$1^2))+(1/($AV$2^2))) -> 0 | AV60: =((T60/($AV$1^2))+(AH60/($AV$2^2)))/((1/($AV$1^2))+(1/($AV$2^2))) -> 9.061009 | AW60: =((U60/($AV$1^2))+(AI60/($AV$2^2)))/((1/($AV$1^2))+(1/($AV$2^2))) -> 0 | AX60: =((V60/($AV$1^2))+(AJ60/($AV$2^2)))/((1/($AV$1^2))+(1/($AV$2^2))) -> 4.299062 | AY60: =((W60/($AV$1^2))+(AK60/($AV$2^2)))/((1/($AV$1^2))+(1/($AV$2^2))) -> 44.629478 | ... BC60: =((AA60/($AV$1^2))+(AO60/($AV$2^2)))/((1/($AV$1^2))+(1/($AV$2^2))) -> 0 | BE60: 11 | BF60: =((B60/($BI$1^2))+(P60/($AV$1^2))+(AD60/($AV$2^2)))/((1/($BI$1^2))+(1/($AV$1^2))+(1/($AV$2^2))) -> 3.6733875 | BG60: =((C60/($BI$1^2))+(Q60/($AV$1^2))+(AE60/($AV$2^2)))/((1/($BI$1^2))+(1/($AV$1^2))+(1/($AV$2^2))) -> 0 | BH60: =((D60/($BI$1^2))+(R60/($AV$1^2))+(AF60/($AV$2^2)))/((1/($BI$1^2))+(1/($AV$1^2))+(1/($AV$2^2))) -> 0 | BI60: =((E60/($BI$1^2))+(S60/($AV$1^2))+(AG60/($AV$2^2)))/((1/($BI$1^2))+(1/($AV$1^2))+(1/($AV$2^2))) -> 0 | BJ60: =((F60/($BI$1^2))+(T60/($AV$1^2))+(AH60/($AV$2^2)))/((1/($BI$1^2))+(1/($AV$1^2))+(1/($AV$2^2))) -> 8.4776608 | BK60: =((G60/($BI$1^2))+(U60/($AV$1^2))+(AI60/($AV$2^2)))/((1/($BI$1^2))+(1/($AV$1^2))+(1/($AV$2^2))) -> 0 | BL60: =((H60/($BI$1^2))+(V60/($AV$1^2))+(AJ60/($AV$2^2)))/((1/($BI$1^2))+(1/($AV$1^2))+(1/($AV$2^2))) -> 4.1510483 | BM60: =((I60/($BI$1^2))+(W60/($AV$1^2))+(AK60/($AV$2^2)))/((1/($BI$1^2))+(1/($AV$1^2))+(1/($AV$2^2))) -> 45.103992 | ... BQ60: =((M60/($BI$1^2))+(AA60/($AV$1^2))+(AO60/($AV$2^2)))/((1/($BI$1^2))+(1/($AV$1^2))+(1/($AV$2^2))) -> 0
A61: 12 | B61: =IF('Data 2'!B61<0.1,0,'Data 2'!B61) -> 6.0124354 | C61: =IF('Data 2'!C61<0.1,0,'Data 2'!C61) -> 0 | D61: =IF('Data 2'!D61<0.1,0,'Data 2'!D61) -> 3.5483226 | E61: =IF('Data 2'!E61<0.1,0,'Data 2'!E61) -> 0 | F61: =IF('Data 2'!F61<0.1,0,'Data 2'!F61) -> 0.45996774 | G61: =IF('Data 2'!G61<0.1,0,'Data 2'!G61) -> 0 | H61: =IF('Data 2'!H61<0.1,0,'Data 2'!H61) -> 40.187226 | I61: =IF('Data 2'!I61<0.1,0,'Data 2'!I61) -> 20.932371 | ... M61: =IF('Data 2'!M61<0.1,0,'Data 2'!M61) -> 0 | O61: 12 | P61: ='Stasiun Pontianak Kota'!Q107 -> 0 | Q61: ='Stasiun Pontianak Kota'!R107 -> 0 | R61: ='Stasiun Pontianak Kota'!S107 -> 0 | S61: ='Stasiun Pontianak Kota'!T107 -> 0 | T61: ='Stasiun Pontianak Kota'!U107 -> 0 | U61: ='Stasiun Pontianak Kota'!V107 -> 0 | V61: ='Stasiun Pontianak Kota'!W107 -> 21 | W61: ='Stasiun Pontianak Kota'!X107 -> 14 | ... AA61: ='Stasiun Pontianak Kota'!AB107 -> 0 | AC61: 12 | AD61: ='Sta. Meteorologi pnk'!B64 -> 18.3 | AE61: ='Sta. Meteorologi pnk'!C64 -> 0 | AF61: ='Sta. Meteorologi pnk'!D64 -> 10.8 | AG61: ='Sta. Meteorologi pnk'!E64 -> 0 | AH61: ='Sta. Meteorologi pnk'!F64 -> 1.4 | AI61: ='Sta. Meteorologi pnk'!G64 -> 0 | AJ61: ='Sta. Meteorologi pnk'!H64 -> 79.4 | AK61: ='Sta. Meteorologi pnk'!I64 -> 35.1 | ... AO61: ='Sta. Meteorologi pnk'!M64 -> 0 | AQ61: 12 | AR61: =((P61/($AV$1^2))+(AD61/($AV$2^2)))/((1/($AV$1^2))+(1/($AV$2^2))) -> 12.374363 | AS61: =((Q61/($AV$1^2))+(AE61/($AV$2^2)))/((1/($AV$1^2))+(1/($AV$2^2))) -> 0 | AT61: =((R61/($AV$1^2))+(AF61/($AV$2^2)))/((1/($AV$1^2))+(1/($AV$2^2))) -> 7.3029028 | AU61: =((S61/($AV$1^2))+(AG61/($AV$2^2)))/((1/($AV$1^2))+(1/($AV$2^2))) -> 0 | AV61: =((T61/($AV$1^2))+(AH61/($AV$2^2)))/((1/($AV$1^2))+(1/($AV$2^2))) -> 0.94667258 | AW61: =((U61/($AV$1^2))+(AI61/($AV$2^2)))/((1/($AV$1^2))+(1/($AV$2^2))) -> 0 | AX61: =((V61/($AV$1^2))+(AJ61/($AV$2^2)))/((1/($AV$1^2))+(1/($AV$2^2))) -> 60.489771 | AY61: =((W61/($AV$1^2))+(AK61/($AV$2^2)))/((1/($AV$1^2))+(1/($AV$2^2))) -> 28.267708 | ... BC61: =((AA61/($AV$1^2))+(AO61/($AV$2^2)))/((1/($AV$1^2))+(1/($AV$2^2))) -> 0 | BE61: 12 | BF61: =((B61/($BI$1^2))+(P61/($AV$1^2))+(AD61/($AV$2^2)))/((1/($BI$1^2))+(1/($AV$1^2))+(1/($AV$2^2))) -> 11.577701 | BG61: =((C61/($BI$1^2))+(Q61/($AV$1^2))+(AE61/($AV$2^2)))/((1/($BI$1^2))+(1/($AV$1^2))+(1/($AV$2^2))) -> 0 | BH61: =((D61/($BI$1^2))+(R61/($AV$1^2))+(AF61/($AV$2^2)))/((1/($BI$1^2))+(1/($AV$1^2))+(1/($AV$2^2))) -> 6.8327415 | BI61: =((E61/($BI$1^2))+(S61/($AV$1^2))+(AG61/($AV$2^2)))/((1/($BI$1^2))+(1/($AV$1^2))+(1/($AV$2^2))) -> 0 | BJ61: =((F61/($BI$1^2))+(T61/($AV$1^2))+(AH61/($AV$2^2)))/((1/($BI$1^2))+(1/($AV$1^2))+(1/($AV$2^2))) -> 0.88572575 | BK61: =((G61/($BI$1^2))+(U61/($AV$1^2))+(AI61/($AV$2^2)))/((1/($BI$1^2))+(1/($AV$1^2))+(1/($AV$2^2))) -> 0 | BL61: =((H61/($BI$1^2))+(V61/($AV$1^2))+(AJ61/($AV$2^2)))/((1/($BI$1^2))+(1/($AV$1^2))+(1/($AV$2^2))) -> 57.947417 | BM61: =((I61/($BI$1^2))+(W61/($AV$1^2))+(AK61/($AV$2^2)))/((1/($BI$1^2))+(1/($AV$1^2))+(1/($AV$2^2))) -> 27.349152 | ... BQ61: =((M61/($BI$1^2))+(AA61/($AV$1^2))+(AO61/($AV$2^2)))/((1/($BI$1^2))+(1/($AV$1^2))+(1/($AV$2^2))) -> 0
... A80: 31 | B80: =IF('Data 2'!B80<0.1,0,'Data 2'!B80) -> 0 | C80: =IF('Data 2'!C80<0.1,0,'Data 2'!C80) -> 0 | D80: =IF('Data 2'!D80<0.1,0,'Data 2'!D80) -> 22.164274 | E80: =IF('Data 2'!E80<0.1,0,'Data 2'!E80) -> 0 | F80: =IF('Data 2'!F80<0.1,0,'Data 2'!F80) -> 0 | G80: =IF('Data 2'!G80<0.1,0,'Data 2'!G80) -> 0 | H80: =IF('Data 2'!H80<0.1,0,'Data 2'!H80) -> 0 | I80: =IF('Data 2'!I80<0.1,0,'Data 2'!I80) -> 0 | ... M80: =IF('Data 2'!M80<0.1,0,'Data 2'!M80) -> 5.5256774 | O80: 31 | P80: ='Stasiun Pontianak Kota'!Q126 -> 0 | Q80: ='Stasiun Pontianak Kota'!R126 -> 0 | R80: ='Stasiun Pontianak Kota'!S126 -> 22 | S80: ='Stasiun Pontianak Kota'!T126 -> 0 | T80: ='Stasiun Pontianak Kota'!U126 -> 0 | U80: ='Stasiun Pontianak Kota'!V126 -> 0 | V80: ='Stasiun Pontianak Kota'!W126 -> 0 | W80: ='Stasiun Pontianak Kota'!X126 -> 0 | ... AA80: ='Stasiun Pontianak Kota'!AB126 -> 5 | AC80: 31 | AD80: ='Sta. Meteorologi pnk'!B83 -> 0 | AE80: ='Sta. Meteorologi pnk'!C83 -> 0 | AF80: ='Sta. Meteorologi pnk'!D83 -> 22.5 | AG80: ='Sta. Meteorologi pnk'!E83 -> 0 | AH80: ='Sta. Meteorologi pnk'!F83 -> 0 | AI80: ='Sta. Meteorologi pnk'!G83 -> 0 | AJ80: ='Sta. Meteorologi pnk'!H83 -> 0 | AK80: ='Sta. Meteorologi pnk'!I83 -> 0 | ... AO80: ='Sta. Meteorologi pnk'!M83 -> 6.6 | AQ80: 31 | AR80: =((P80/($AV$1^2))+(AD80/($AV$2^2)))/((1/($AV$1^2))+(1/($AV$2^2))) -> 0 | AS80: =((Q80/($AV$1^2))+(AE80/($AV$2^2)))/((1/($AV$1^2))+(1/($AV$2^2))) -> 0 | AT80: =((R80/($AV$1^2))+(AF80/($AV$2^2)))/((1/($AV$1^2))+(1/($AV$2^2))) -> 22.338097 | AU80: =((S80/($AV$1^2))+(AG80/($AV$2^2)))/((1/($AV$1^2))+(1/($AV$2^2))) -> 0 | AV80: =((T80/($AV$1^2))+(AH80/($AV$2^2)))/((1/($AV$1^2))+(1/($AV$2^2))) -> 0 | AW80: =((U80/($AV$1^2))+(AI80/($AV$2^2)))/((1/($AV$1^2))+(1/($AV$2^2))) -> 0 | AX80: =((V80/($AV$1^2))+(AJ80/($AV$2^2)))/((1/($AV$1^2))+(1/($AV$2^2))) -> 0 | AY80: =((W80/($AV$1^2))+(AK80/($AV$2^2)))/((1/($AV$1^2))+(1/($AV$2^2))) -> 0 | ... BC80: =((AA80/($AV$1^2))+(AO80/($AV$2^2)))/((1/($AV$1^2))+(1/($AV$2^2))) -> 6.0819115 | BE80: 31 | BF80: =((B80/($BI$1^2))+(P80/($AV$1^2))+(AD80/($AV$2^2)))/((1/($BI$1^2))+(1/($AV$1^2))+(1/($AV$2^2))) -> 0 | BG80: =((C80/($BI$1^2))+(Q80/($AV$1^2))+(AE80/($AV$2^2)))/((1/($BI$1^2))+(1/($AV$1^2))+(1/($AV$2^2))) -> 0 | BH80: =((D80/($BI$1^2))+(R80/($AV$1^2))+(AF80/($AV$2^2)))/((1/($BI$1^2))+(1/($AV$1^2))+(1/($AV$2^2))) -> 22.316331 | BI80: =((E80/($BI$1^2))+(S80/($AV$1^2))+(AG80/($AV$2^2)))/((1/($BI$1^2))+(1/($AV$1^2))+(1/($AV$2^2))) -> 0 | BJ80: =((F80/($BI$1^2))+(T80/($AV$1^2))+(AH80/($AV$2^2)))/((1/($BI$1^2))+(1/($AV$1^2))+(1/($AV$2^2))) -> 0 | BK80: =((G80/($BI$1^2))+(U80/($AV$1^2))+(AI80/($AV$2^2)))/((1/($BI$1^2))+(1/($AV$1^2))+(1/($AV$2^2))) -> 0 | BL80: =((H80/($BI$1^2))+(V80/($AV$1^2))+(AJ80/($AV$2^2)))/((1/($BI$1^2))+(1/($AV$1^2))+(1/($AV$2^2))) -> 0 | BM80: =((I80/($BI$1^2))+(W80/($AV$1^2))+(AK80/($AV$2^2)))/((1/($BI$1^2))+(1/($AV$1^2))+(1/($AV$2^2))) -> 0 | ... BQ80: =((M80/($BI$1^2))+(AA80/($AV$1^2))+(AO80/($AV$2^2)))/((1/($BI$1^2))+(1/($AV$1^2))+(1/($AV$2^2))) -> 6.012258
A81: Jlh | B81: =SUM(B50:B80) -> 73.901435 | C81: =SUM(C50:C80) -> 15.376064 | D81: =SUM(D50:D80) -> 271.35503 | E81: =SUM(E50:E80) -> 198.86858 | F81: =SUM(F50:F80) -> 255.96523 | G81: =SUM(G50:G80) -> 244.63253 | H81: =SUM(H50:H80) -> 99.496968 | I81: =SUM(I50:I80) -> 467.64881 | ... M81: =SUM(M50:M80) -> 245.7654 | O81: Jlh | P81: =SUM(P50:P80) -> 74 | Q81: =SUM(Q50:Q80) -> 0 | R81: =SUM(R50:R80) -> 282 | S81: =SUM(S50:S80) -> 199 | T81: =SUM(T50:T80) -> 249 | U81: =SUM(U50:U80) -> 240 | V81: =SUM(V50:V80) -> 97 | W81: =SUM(W50:W80) -> 471 | ... AA81: =SUM(AA50:AA80) -> 261.7 | AC81: Jlh | AD81: =SUM(AD50:AD80) -> 73.8 | AE81: =SUM(AE50:AE80) -> 46.8 | AF81: =SUM(AF50:AF80) -> 249.6 | AG81: =SUM(AG50:AG80) -> 198.6 | AH81: =SUM(AH50:AH80) -> 270.2 | AI81: =SUM(AI50:AI80) -> 254.1 | AJ81: =SUM(AJ50:AJ80) -> 104.6 | AK81: =SUM(AK50:AK80) -> 460.8 | ... AO81: =SUM(AO50:AO80) -> 213.2 | AQ81: Jlh | AR81: =SUM(AR50:AR80) -> 73.864761 | AS81: =SUM(AS50:AS80) -> 31.645912 | AT81: =SUM(AT50:AT80) -> 260.09129 | AU81: =SUM(AU50:AU80) -> 198.72952 | AV81: =SUM(AV50:AV80) -> 263.33533 | AW81: =SUM(AW50:AW80) -> 249.53435 | AX81: =SUM(AX50:AX80) -> 102.13908 | AY81: =SUM(AY50:AY80) -> 464.10281 | ... BC81: =SUM(BC50:BC80) -> 228.90456 | BE81: Jlh | BF81: =SUM(BF50:BF80) -> 73.869354 | BG81: =SUM(BG50:BG80) -> 29.608547 | BH81: =SUM(BH50:BH80) -> 261.50178 | BI81: =SUM(BI50:BI80) -> 198.74694 | BJ81: =SUM(BJ50:BJ80) -> 262.41242 | BK81: =SUM(BK50:BK80) -> 248.92052 | BL81: =SUM(BL50:BL80) -> 101.80823 | BM81: =SUM(BM50:BM80) -> 464.54686 | ... BQ81: =SUM(BQ50:BQ80) -> 231.01593
A82: R maks | B82: =MAX(B50:B80) -> 27.529516 | C82: =MAX(C50:C80) -> 13.207645 | D82: =MAX(D50:D80) -> 59.941968 | E82: =MAX(E50:E80) -> 38.944194 | F82: =MAX(F50:F80) -> 69.830968 | G82: =MAX(G50:G80) -> 51.015968 | H82: =MAX(H50:H80) -> 40.187226 | I82: =MAX(I50:I80) -> 108.90466 | ... M82: =MAX(M50:M80) -> 34.244032 | O82: R maks | P82: =MAX(P50:P80) -> 41 | Q82: =MAX(Q50:Q80) -> 0 | R82: =MAX(R50:R80) -> 88 | S82: =MAX(S50:S80) -> 58 | T82: =MAX(T50:T80) -> 104 | U82: =MAX(U50:U80) -> 75 | V82: =MAX(V50:V80) -> 45 | W82: =MAX(W50:W80) -> 155 | ... AA82: =MAX(AA50:AA80) -> 51 | AC82: R maks | AD82: =MAX(AD50:AD80) -> 30.8 | AE82: =MAX(AE50:AE80) -> 40.2 | AF82: =MAX(AF50:AF80) -> 64.1 | AG82: =MAX(AG50:AG80) -> 67.3 | AH82: =MAX(AH50:AH80) -> 77.4 | AI82: =MAX(AI50:AI80) -> 127.2 | AJ82: =MAX(AJ50:AJ80) -> 79.4 | AK82: =MAX(AK50:AK80) -> 150.4 | ... AO82: =MAX(AO50:AO80) -> 45 | AQ82: R maks | AR82: =MAX(AR50:AR80) -> 20.826797 | AS82: =MAX(AS50:AS80) -> 27.183027 | AT82: =MAX(AT50:AT80) -> 48.20116 | AU82: =MAX(AU50:AU80) -> 45.507903 | AV82: =MAX(AV50:AV80) -> 52.33747 | AW82: =MAX(AW50:AW80) -> 86.011966 | AX82: =MAX(AX50:AX80) -> 60.489771 | AY82: =MAX(AY50:AY80) -> 101.69968 | ... BC82: =MAX(BC50:BC80) -> 30.428762 | BE82: R maks | BF82: =MAX(BF50:BF80) -> 19.485967 | BG82: =MAX(BG50:BG80) -> 25.432982 | BH82: =MAX(BH50:BH80) -> 46.063667 | BI82: =MAX(BI50:BI80) -> 42.578102 | BJ82: =MAX(BJ50:BJ80) -> 48.967981 | BK82: =MAX(BK50:BK80) -> 80.474511 | BL82: =MAX(BL50:BL80) -> 57.947417 | BM82: =MAX(BM50:BM80) -> 95.152252 | ... BQ82: =MAX(BQ50:BQ80) -> 28.469756
A83: I | B83: =SUM(B50:B64) -> 73.901435 | C83: =SUM(C50:C64) -> 2.1684193 | D83: =SUM(D50:D64) -> 59.794274 | E83: =SUM(E50:E64) -> 113.62555 | F83: =SUM(F50:F64) -> 85.866661 | G83: =SUM(G50:G64) -> 205.80095 | H83: =SUM(H50:H64) -> 99.496968 | I83: =SUM(I50:I64) -> 183.10685 | ... M83: =SUM(M50:M64) -> 59.66779 | O83: I | P83: =SUM(P50:P64) -> 74 | Q83: =SUM(Q50:Q64) -> 0 | R83: =SUM(R50:R64) -> 80 | S83: =SUM(S50:S64) -> 152 | T83: =SUM(T50:T64) -> 79 | U83: =SUM(U50:U64) -> 199 | V83: =SUM(V50:V64) -> 97 | W83: =SUM(W50:W64) -> 179 | ... AA83: =SUM(AA50:AA64) -> 68.9 | AC83: I | AD83: =SUM(AD50:AD64) -> 73.8 | AE83: =SUM(AE50:AE64) -> 6.6 | AF83: =SUM(AF50:AF64) -> 18.5 | AG83: =SUM(AG50:AG64) -> 35.2 | AH83: =SUM(AH50:AH64) -> 99.9 | AI83: =SUM(AI50:AI64) -> 219.7 | AJ83: =SUM(AJ50:AJ64) -> 104.6 | AK83: =SUM(AK50:AK64) -> 191.5 | ... AO83: =SUM(AO50:AO64) -> 40.8 | AQ83: I | AR83: =SUM(AR50:AR64) -> 73.864761 | AS83: =SUM(AS50:AS64) -> 4.462885 | AT83: =SUM(AT50:AT64) -> 38.414026 | AU83: =SUM(AU50:AU64) -> 73.020459 | AV83: =SUM(AV50:AV64) -> 93.132469 | AW83: =SUM(AW50:AW64) -> 212.99723 | AX83: =SUM(AX50:AX64) -> 102.13908 | AY83: =SUM(AY50:AY64) -> 187.45243 | ... BC83: =SUM(BC50:BC64) -> 49.898929 | BE83: I | BF83: =SUM(BF50:BF64) -> 73.869354 | BG83: =SUM(BG50:BG64) -> 4.1755643 | BH83: =SUM(BH50:BH64) -> 41.091333 | BI83: =SUM(BI50:BI64) -> 78.105166 | BJ83: =SUM(BJ50:BJ64) -> 92.22262 | BK83: =SUM(BK50:BK64) -> 212.09609 | BL83: =SUM(BL50:BL64) -> 101.80823 | BM83: =SUM(BM50:BM64) -> 186.90827 | ... BQ83: =SUM(BQ50:BQ64) -> 51.122219
A84: II | B84: =SUM(B65:B80) -> 0 | C84: =SUM(C65:C80) -> 13.207645 | D84: =SUM(D65:D80) -> 211.56076 | E84: =SUM(E65:E80) -> 85.243032 | F84: =SUM(F65:F80) -> 170.09856 | G84: =SUM(G65:G80) -> 38.831581 | H84: =SUM(H65:H80) -> 0 | I84: =SUM(I65:I80) -> 284.54195 | ... M84: =SUM(M65:M80) -> 186.09761 | O84: II | P84: =SUM(P65:P80) -> 0 | Q84: =SUM(Q65:Q80) -> 0 | R84: =SUM(R65:R80) -> 202 | S84: =SUM(S65:S80) -> 47 | T84: =SUM(T65:T80) -> 170 | U84: =SUM(U65:U80) -> 41 | V84: =SUM(V65:V80) -> 0 | W84: =SUM(W65:W80) -> 292 | ... AA84: =SUM(AA65:AA80) -> 192.8 | AC84: II | AD84: =SUM(AD65:AD80) -> 0 | AE84: =SUM(AE65:AE80) -> 40.2 | AF84: =SUM(AF65:AF80) -> 231.1 | AG84: =SUM(AG65:AG80) -> 163.4 | AH84: =SUM(AH65:AH80) -> 170.3 | AI84: =SUM(AI65:AI80) -> 34.4 | AJ84: =SUM(AJ65:AJ80) -> 0 | AK84: =SUM(AK65:AK80) -> 269.3 | ... AO84: =SUM(AO65:AO80) -> 172.4 | AQ84: II | AR84: =SUM(AR65:AR80) -> 0 | AS84: =SUM(AS65:AS80) -> 27.183027 | AT84: =SUM(AT65:AT80) -> 221.67727 | AU84: =SUM(AU65:AU80) -> 125.70906 | AV84: =SUM(AV65:AV80) -> 170.20286 | AW84: =SUM(AW65:AW80) -> 36.537115 | AX84: =SUM(AX65:AX80) -> 0 | AY84: =SUM(AY65:AY80) -> 276.65038 | ... BC84: =SUM(BC65:BC80) -> 179.00563 | BE84: II | BF84: =SUM(BF65:BF80) -> 0 | BG84: =SUM(BG65:BG80) -> 25.432982 | BH84: =SUM(BH65:BH80) -> 220.41044 | BI84: =SUM(BI65:BI80) -> 120.64177 | BJ84: =SUM(BJ65:BJ80) -> 170.1898 | BK84: =SUM(BK65:BK80) -> 36.824436 | BL84: =SUM(BL65:BL80) -> 0 | BM84: =SUM(BM65:BM80) -> 277.63859 | ... BQ84: =SUM(BQ65:BQ80) -> 179.89371
A85: HH | B85: =COUNTIF(B52:B82,">0") -> 11 | C85: =COUNTIF(C52:C82,">0") -> 4 | D85: =COUNTIF(D52:D82,">0") -> 19 | E85: =COUNTIF(E52:E82,">0") -> 22 | F85: =COUNTIF(F52:F82,">0") -> 24 | G85: =COUNTIF(G52:G82,">0") -> 16 | H85: =COUNTIF(H52:H82,">0") -> 10 | I85: =COUNTIF(I52:I82,">0") -> 27 | ... M85: =COUNTIF(M52:M82,">0") -> 21 | O85: HH | P85: =COUNTIF(P50:P80,">0") -> 6 | Q85: =COUNTIF(Q50:Q80,">0") -> 0 | R85: =COUNTIF(R50:R80,">0") -> 14 | S85: =COUNTIF(S50:S80,">0") -> 12 | T85: =COUNTIF(T50:T80,">0") -> 11 | U85: =COUNTIF(U50:U80,">0") -> 7 | V85: =COUNTIF(V50:V80,">0") -> 7 | W85: =COUNTIF(W50:W80,">0") -> 19 | ... AA85: =COUNTIF(AA50:AA80,">0") -> 13 | AC85: HH | AD85: =COUNTIF(AD50:AD80,">0") -> 9 | AE85: =COUNTIF(AE50:AE80,">0") -> 2 | AF85: =COUNTIF(AF50:AF80,">0") -> 16 | AG85: =COUNTIF(AG50:AG80,">0") -> 16 | AH85: =COUNTIF(AH50:AH80,">0") -> 16 | AI85: =COUNTIF(AI50:AI80,">0") -> 11 | AJ85: =COUNTIF(AJ50:AJ80,">0") -> 7 | AK85: =COUNTIF(AK50:AK80,">0") -> 21 | ... AO85: =COUNTIF(AO50:AO80,">0") -> 19 | AQ85: HH | AR85: =COUNTIF(AR50:AR80,">0") -> 12 | AS85: =COUNTIF(AS50:AS80,">0") -> 2 | AT85: =COUNTIF(AT50:AT80,">0") -> 18 | AU85: =COUNTIF(AU50:AU80,">0") -> 22 | AV85: =COUNTIF(AV50:AV80,">0") -> 23 | AW85: =COUNTIF(AW50:AW80,">0") -> 16 | AX85: =COUNTIF(AX50:AX80,">0") -> 9 | AY85: =COUNTIF(AY50:AY80,">0") -> 26 | ... BC85: =COUNTIF(BC50:BC80,">0") -> 21 | BE85: HH | BF85: =COUNTIF(BF50:BF80,">0") -> 12 | BG85: =COUNTIF(BG50:BG80,">0") -> 2 | BH85: =COUNTIF(BH50:BH80,">0") -> 18 | BI85: =COUNTIF(BI50:BI80,">0") -> 22 | BJ85: =COUNTIF(BJ50:BJ80,">0") -> 23 | BK85: =COUNTIF(BK50:BK80,">0") -> 16 | BL85: =COUNTIF(BL50:BL80,">0") -> 9 | BM85: =COUNTIF(BM50:BM80,">0") -> 26 | ... BQ85: =COUNTIF(BQ50:BQ80,">0") -> 21
A87: Tahun 2015 | O87: Tahun 2015 | AC87: Tahun 2015 | AQ87: Tahun 2015 | BE87: Tahun 2015
B88: Bulan | P88: Bulan | AD88: Bulan | AR88: Bulan | BF88: Bulan
B89: Jan | C89: Feb | D89: Mar | E89: Apr | F89: Mei | G89: Jun | H89: Jul | I89: Agt | J89: Sept | K89: Okt | L89: Nov | M89: Des | P89: Jan | Q89: Feb | R89: Mar | S89: Apr | T89: Mei | U89: Jun | V89: Jul | W89: Agt | X89: Sept | Y89: Okt | Z89: Nov | AA89: Des | AD89: Jan | AE89: Feb | AF89: Mar | AG89: Apr | AH89: Mei | AI89: Jun | AJ89: Jul | AK89: Agt | AL89: Sept | AM89: Okt | AN89: Nov | AO89: Des | AR89: Jan | AS89: Feb | AT89: Mar | AU89: Apr | AV89: Mei | AW89: Jun | AX89: Jul | AY89: Agt | AZ89: Sept | BA89: Okt | BB89: Nov | BC89: Des | BF89: Jan | BG89: Feb | BH89: Mar | BI89: Apr | BJ89: Mei | BK89: Jun | BL89: Jul | BM89: Agt | BN89: Sept | BO89: Okt | BP89: Nov | BQ89: Des
A90: 1 | B90: =IF('Data 2'!B90<0.1,0,'Data 2'!B90) -> 14.385968 | C90: =IF('Data 2'!C90<0.1,0,'Data 2'!C90) -> 21.416903 | D90: =IF('Data 2'!D90<0.1,0,'Data 2'!D90) -> 0.67145162 | E90: =IF('Data 2'!E90<0.1,0,'Data 2'!E90) -> 0 | F90: =IF('Data 2'!F90<0.1,0,'Data 2'!F90) -> 2.0143548 | G90: =IF('Data 2'!G90<0.1,0,'Data 2'!G90) -> 18.800645 | H90: =IF('Data 2'!H90<0.1,0,'Data 2'!H90) -> 0 | I90: =IF('Data 2'!I90<0.1,0,'Data 2'!I90) -> 2.0143548 | ... M90: =IF('Data 2'!M90<0.1,0,'Data 2'!M90) -> 18.800952 | O90: 1 | P90: ='Stasiun Pontianak Kota'!Q140 -> 18 | Q90: ='Stasiun Pontianak Kota'!R140 -> 18 | R90: ='Stasiun Pontianak Kota'!S140 -> 1 | S90: ='Stasiun Pontianak Kota'!T140 -> 0 | T90: ='Stasiun Pontianak Kota'!U140 -> 3 | U90: ='Stasiun Pontianak Kota'!V140 -> 28 | V90: ='Stasiun Pontianak Kota'!W140 -> 0 | W90: ='Stasiun Pontianak Kota'!X140 -> 3 | ... AA90: ='Stasiun Pontianak Kota'!AB140 -> 12 | AC90: 1 | AD90: ='Sta. Meteorologi pnk'!B98 -> 7 | AE90: ='Sta. Meteorologi pnk'!C98 -> 28.4 | AF90: ='Sta. Meteorologi pnk'!D98 -> 0 | AG90: ='Sta. Meteorologi pnk'!E98 -> 0 | AH90: ='Sta. Meteorologi pnk'!F98 -> 0 | AI90: ='Sta. Meteorologi pnk'!G98 -> 0 | AJ90: ='Sta. Meteorologi pnk'!H98 -> 0 | AK90: ='Sta. Meteorologi pnk'!I98 -> 0 | ... AO90: ='Sta. Meteorologi pnk'!M98 -> 32.7 | AQ90: 1 | AR90: =((P90/($AV$1^2))+(AD90/($AV$2^2)))/((1/($AV$1^2))+(1/($AV$2^2))) -> 10.561858 | AS90: =((Q90/($AV$1^2))+(AE90/($AV$2^2)))/((1/($AV$1^2))+(1/($AV$2^2))) -> 25.032425 | AT90: =((R90/($AV$1^2))+(AF90/($AV$2^2)))/((1/($AV$1^2))+(1/($AV$2^2))) -> 0.3238053 | AU90: =((S90/($AV$1^2))+(AG90/($AV$2^2)))/((1/($AV$1^2))+(1/($AV$2^2))) -> 0 | AV90: =((T90/($AV$1^2))+(AH90/($AV$2^2)))/((1/($AV$1^2))+(1/($AV$2^2))) -> 0.9714159 | AW90: =((U90/($AV$1^2))+(AI90/($AV$2^2)))/((1/($AV$1^2))+(1/($AV$2^2))) -> 9.0665484 | AX90: =((V90/($AV$1^2))+(AJ90/($AV$2^2)))/((1/($AV$1^2))+(1/($AV$2^2))) -> 0 | AY90: =((W90/($AV$1^2))+(AK90/($AV$2^2)))/((1/($AV$1^2))+(1/($AV$2^2))) -> 0.9714159 | ... BC90: =((AA90/($AV$1^2))+(AO90/($AV$2^2)))/((1/($AV$1^2))+(1/($AV$2^2))) -> 25.99723 | BE90: 1 | BF90: =((B90/($BI$1^2))+(P90/($AV$1^2))+(AD90/($AV$2^2)))/((1/($BI$1^2))+(1/($AV$1^2))+(1/($AV$2^2))) -> 11.040726 | BG90: =((C90/($BI$1^2))+(Q90/($AV$1^2))+(AE90/($AV$2^2)))/((1/($BI$1^2))+(1/($AV$1^2))+(1/($AV$2^2))) -> 24.579677 | BH90: =((D90/($BI$1^2))+(R90/($AV$1^2))+(AF90/($AV$2^2)))/((1/($BI$1^2))+(1/($AV$1^2))+(1/($AV$2^2))) -> 0.36733875 | BI90: =((E90/($BI$1^2))+(S90/($AV$1^2))+(AG90/($AV$2^2)))/((1/($BI$1^2))+(1/($AV$1^2))+(1/($AV$2^2))) -> 0 | BJ90: =((F90/($BI$1^2))+(T90/($AV$1^2))+(AH90/($AV$2^2)))/((1/($BI$1^2))+(1/($AV$1^2))+(1/($AV$2^2))) -> 1.1020162 | BK90: =((G90/($BI$1^2))+(U90/($AV$1^2))+(AI90/($AV$2^2)))/((1/($BI$1^2))+(1/($AV$1^2))+(1/($AV$2^2))) -> 10.285485 | BL90: =((H90/($BI$1^2))+(V90/($AV$1^2))+(AJ90/($AV$2^2)))/((1/($BI$1^2))+(1/($AV$1^2))+(1/($AV$2^2))) -> 0 | BM90: =((I90/($BI$1^2))+(W90/($AV$1^2))+(AK90/($AV$2^2)))/((1/($BI$1^2))+(1/($AV$1^2))+(1/($AV$2^2))) -> 1.1020162 | ... BQ90: =((M90/($BI$1^2))+(AA90/($AV$1^2))+(AO90/($AV$2^2)))/((1/($BI$1^2))+(1/($AV$1^2))+(1/($AV$2^2))) -> 25.096088
A91: 2 | B91: =IF('Data 2'!B91<0.1,0,'Data 2'!B91) -> 1.0513548 | C91: =IF('Data 2'!C91<0.1,0,'Data 2'!C91) -> 0.13141935 | D91: =IF('Data 2'!D91<0.1,0,'Data 2'!D91) -> 1.3429032 | E91: =IF('Data 2'!E91<0.1,0,'Data 2'!E91) -> 19.472097 | F91: =IF('Data 2'!F91<0.1,0,'Data 2'!F91) -> 12.086129 | G91: =IF('Data 2'!G91<0.1,0,'Data 2'!G91) -> 0 | H91: =IF('Data 2'!H91<0.1,0,'Data 2'!H91) -> 0 | I91: =IF('Data 2'!I91<0.1,0,'Data 2'!I91) -> 0 | ... M91: =IF('Data 2'!M91<0.1,0,'Data 2'!M91) -> 0.16427419 | O91: 2 | P91: ='Stasiun Pontianak Kota'!Q141 -> 0 | Q91: ='Stasiun Pontianak Kota'!R141 -> 0 | R91: ='Stasiun Pontianak Kota'!S141 -> 2 | S91: ='Stasiun Pontianak Kota'!T141 -> 29 | T91: ='Stasiun Pontianak Kota'!U141 -> 18 | U91: ='Stasiun Pontianak Kota'!V141 -> 0 | V91: ='Stasiun Pontianak Kota'!W141 -> 0 | W91: ='Stasiun Pontianak Kota'!X141 -> 0 | ... AA91: ='Stasiun Pontianak Kota'!AB141 -> 0 | AC91: 2 | AD91: ='Sta. Meteorologi pnk'!B99 -> 3.2 | AE91: ='Sta. Meteorologi pnk'!C99 -> 0.4 | AF91: ='Sta. Meteorologi pnk'!D99 -> 0 | AG91: ='Sta. Meteorologi pnk'!E99 -> 0 | AH91: ='Sta. Meteorologi pnk'!F99 -> 0 | AI91: ='Sta. Meteorologi pnk'!G99 -> 0 | AJ91: ='Sta. Meteorologi pnk'!H99 -> 0 | AK91: ='Sta. Meteorologi pnk'!I99 -> 0 | ... AO91: ='Sta. Meteorologi pnk'!M99 -> 0.5 | AQ91: 2 | AR91: =((P91/($AV$1^2))+(AD91/($AV$2^2)))/((1/($AV$1^2))+(1/($AV$2^2))) -> 2.163823 | AS91: =((Q91/($AV$1^2))+(AE91/($AV$2^2)))/((1/($AV$1^2))+(1/($AV$2^2))) -> 0.27047788 | AT91: =((R91/($AV$1^2))+(AF91/($AV$2^2)))/((1/($AV$1^2))+(1/($AV$2^2))) -> 0.6476106 | AU91: =((S91/($AV$1^2))+(AG91/($AV$2^2)))/((1/($AV$1^2))+(1/($AV$2^2))) -> 9.3903537 | AV91: =((T91/($AV$1^2))+(AH91/($AV$2^2)))/((1/($AV$1^2))+(1/($AV$2^2))) -> 5.8284954 | AW91: =((U91/($AV$1^2))+(AI91/($AV$2^2)))/((1/($AV$1^2))+(1/($AV$2^2))) -> 0 | AX91: =((V91/($AV$1^2))+(AJ91/($AV$2^2)))/((1/($AV$1^2))+(1/($AV$2^2))) -> 0 | AY91: =((W91/($AV$1^2))+(AK91/($AV$2^2)))/((1/($AV$1^2))+(1/($AV$2^2))) -> 0 | ... BC91: =((AA91/($AV$1^2))+(AO91/($AV$2^2)))/((1/($AV$1^2))+(1/($AV$2^2))) -> 0.33809735 | BE91: 2 | BF91: =((B91/($BI$1^2))+(P91/($AV$1^2))+(AD91/($AV$2^2)))/((1/($BI$1^2))+(1/($AV$1^2))+(1/($AV$2^2))) -> 2.024516 | BG91: =((C91/($BI$1^2))+(Q91/($AV$1^2))+(AE91/($AV$2^2)))/((1/($BI$1^2))+(1/($AV$1^2))+(1/($AV$2^2))) -> 0.2530645 | BH91: =((D91/($BI$1^2))+(R91/($AV$1^2))+(AF91/($AV$2^2)))/((1/($BI$1^2))+(1/($AV$1^2))+(1/($AV$2^2))) -> 0.7346775 | BI91: =((E91/($BI$1^2))+(S91/($AV$1^2))+(AG91/($AV$2^2)))/((1/($BI$1^2))+(1/($AV$1^2))+(1/($AV$2^2))) -> 10.652824 | BJ91: =((F91/($BI$1^2))+(T91/($AV$1^2))+(AH91/($AV$2^2)))/((1/($BI$1^2))+(1/($AV$1^2))+(1/($AV$2^2))) -> 6.6120975 | BK91: =((G91/($BI$1^2))+(U91/($AV$1^2))+(AI91/($AV$2^2)))/((1/($BI$1^2))+(1/($AV$1^2))+(1/($AV$2^2))) -> 0 | BL91: =((H91/($BI$1^2))+(V91/($AV$1^2))+(AJ91/($AV$2^2)))/((1/($BI$1^2))+(1/($AV$1^2))+(1/($AV$2^2))) -> 0 | BM91: =((I91/($BI$1^2))+(W91/($AV$1^2))+(AK91/($AV$2^2)))/((1/($BI$1^2))+(1/($AV$1^2))+(1/($AV$2^2))) -> 0 | ... BQ91: =((M91/($BI$1^2))+(AA91/($AV$1^2))+(AO91/($AV$2^2)))/((1/($BI$1^2))+(1/($AV$1^2))+(1/($AV$2^2))) -> 0.31633063
A92: 3 | B92: =IF('Data 2'!B92<0.1,0,'Data 2'!B92) -> 7.4539032 | C92: =IF('Data 2'!C92<0.1,0,'Data 2'!C92) -> 5.4456129 | D92: =IF('Data 2'!D92<0.1,0,'Data 2'!D92) -> 10.071774 | E92: =IF('Data 2'!E92<0.1,0,'Data 2'!E92) -> 0.67145162 | F92: =IF('Data 2'!F92<0.1,0,'Data 2'!F92) -> 0 | G92: =IF('Data 2'!G92<0.1,0,'Data 2'!G92) -> 9.4003226 | H92: =IF('Data 2'!H92<0.1,0,'Data 2'!H92) -> 0 | I92: =IF('Data 2'!I92<0.1,0,'Data 2'!I92) -> 0 | ... M92: =IF('Data 2'!M92<0.1,0,'Data 2'!M92) -> 0 | O92: 3 | P92: ='Stasiun Pontianak Kota'!Q142 -> 2 | Q92: ='Stasiun Pontianak Kota'!R142 -> 4 | R92: ='Stasiun Pontianak Kota'!S142 -> 15 | S92: ='Stasiun Pontianak Kota'!T142 -> 1 | T92: ='Stasiun Pontianak Kota'!U142 -> 0 | U92: ='Stasiun Pontianak Kota'!V142 -> 14 | V92: ='Stasiun Pontianak Kota'!W142 -> 0 | W92: ='Stasiun Pontianak Kota'!X142 -> 0 | ... AA92: ='Stasiun Pontianak Kota'!AB142 -> 0 | AC92: 3 | AD92: ='Sta. Meteorologi pnk'!B100 -> 18.6 | AE92: ='Sta. Meteorologi pnk'!C100 -> 8.4 | AF92: ='Sta. Meteorologi pnk'!D100 -> 0 | AG92: ='Sta. Meteorologi pnk'!E100 -> 0 | AH92: ='Sta. Meteorologi pnk'!F100 -> 0 | AI92: ='Sta. Meteorologi pnk'!G100 -> 0 | AJ92: ='Sta. Meteorologi pnk'!H100 -> 0 | AK92: ='Sta. Meteorologi pnk'!I100 -> 0 | ... AO92: ='Sta. Meteorologi pnk'!M100 -> 0 | AQ92: 3 | AR92: =((P92/($AV$1^2))+(AD92/($AV$2^2)))/((1/($AV$1^2))+(1/($AV$2^2))) -> 13.224832 | AS92: =((Q92/($AV$1^2))+(AE92/($AV$2^2)))/((1/($AV$1^2))+(1/($AV$2^2))) -> 6.9752567 | AT92: =((R92/($AV$1^2))+(AF92/($AV$2^2)))/((1/($AV$1^2))+(1/($AV$2^2))) -> 4.8570795 | AU92: =((S92/($AV$1^2))+(AG92/($AV$2^2)))/((1/($AV$1^2))+(1/($AV$2^2))) -> 0.3238053 | AV92: =((T92/($AV$1^2))+(AH92/($AV$2^2)))/((1/($AV$1^2))+(1/($AV$2^2))) -> 0 | AW92: =((U92/($AV$1^2))+(AI92/($AV$2^2)))/((1/($AV$1^2))+(1/($AV$2^2))) -> 4.5332742 | AX92: =((V92/($AV$1^2))+(AJ92/($AV$2^2)))/((1/($AV$1^2))+(1/($AV$2^2))) -> 0 | AY92: =((W92/($AV$1^2))+(AK92/($AV$2^2)))/((1/($AV$1^2))+(1/($AV$2^2))) -> 0 | ... BC92: =((AA92/($AV$1^2))+(AO92/($AV$2^2)))/((1/($AV$1^2))+(1/($AV$2^2))) -> 0 | BE92: 3 | BF92: =((B92/($BI$1^2))+(P92/($AV$1^2))+(AD92/($AV$2^2)))/((1/($BI$1^2))+(1/($AV$1^2))+(1/($AV$2^2))) -> 12.502177 | BG92: =((C92/($BI$1^2))+(Q92/($AV$1^2))+(AE92/($AV$2^2)))/((1/($BI$1^2))+(1/($AV$1^2))+(1/($AV$2^2))) -> 6.7837095 | BH92: =((D92/($BI$1^2))+(R92/($AV$1^2))+(AF92/($AV$2^2)))/((1/($BI$1^2))+(1/($AV$1^2))+(1/($AV$2^2))) -> 5.5100812 | BI92: =((E92/($BI$1^2))+(S92/($AV$1^2))+(AG92/($AV$2^2)))/((1/($BI$1^2))+(1/($AV$1^2))+(1/($AV$2^2))) -> 0.36733875 | BJ92: =((F92/($BI$1^2))+(T92/($AV$1^2))+(AH92/($AV$2^2)))/((1/($BI$1^2))+(1/($AV$1^2))+(1/($AV$2^2))) -> 0 | BK92: =((G92/($BI$1^2))+(U92/($AV$1^2))+(AI92/($AV$2^2)))/((1/($BI$1^2))+(1/($AV$1^2))+(1/($AV$2^2))) -> 5.1427425 | BL92: =((H92/($BI$1^2))+(V92/($AV$1^2))+(AJ92/($AV$2^2)))/((1/($BI$1^2))+(1/($AV$1^2))+(1/($AV$2^2))) -> 0 | BM92: =((I92/($BI$1^2))+(W92/($AV$1^2))+(AK92/($AV$2^2)))/((1/($BI$1^2))+(1/($AV$1^2))+(1/($AV$2^2))) -> 0 | ... BQ92: =((M92/($BI$1^2))+(AA92/($AV$1^2))+(AO92/($AV$2^2)))/((1/($BI$1^2))+(1/($AV$1^2))+(1/($AV$2^2))) -> 0
A93: 4 | B93: =IF('Data 2'!B93<0.1,0,'Data 2'!B93) -> 6.8972903 | C93: =IF('Data 2'!C93<0.1,0,'Data 2'!C93) -> 13.15821 | D93: =IF('Data 2'!D93<0.1,0,'Data 2'!D93) -> 0 | E93: =IF('Data 2'!E93<0.1,0,'Data 2'!E93) -> 24.172258 | F93: =IF('Data 2'!F93<0.1,0,'Data 2'!F93) -> 15.443387 | G93: =IF('Data 2'!G93<0.1,0,'Data 2'!G93) -> 0 | H93: =IF('Data 2'!H93<0.1,0,'Data 2'!H93) -> 0 | I93: =IF('Data 2'!I93<0.1,0,'Data 2'!I93) -> 0 | ... M93: =IF('Data 2'!M93<0.1,0,'Data 2'!M93) -> 34.580871 | O93: 4 | P93: ='Stasiun Pontianak Kota'!Q143 -> 9 | Q93: ='Stasiun Pontianak Kota'!R143 -> 8 | R93: ='Stasiun Pontianak Kota'!S143 -> 0 | S93: ='Stasiun Pontianak Kota'!T143 -> 36 | T93: ='Stasiun Pontianak Kota'!U143 -> 23 | U93: ='Stasiun Pontianak Kota'!V143 -> 0 | V93: ='Stasiun Pontianak Kota'!W143 -> 0 | W93: ='Stasiun Pontianak Kota'!X143 -> 0 | ... AA93: ='Stasiun Pontianak Kota'!AB143 -> 47 | AC93: 4 | AD93: ='Sta. Meteorologi pnk'!B101 -> 2.6 | AE93: ='Sta. Meteorologi pnk'!C101 -> 23.7 | AF93: ='Sta. Meteorologi pnk'!D101 -> 0 | AG93: ='Sta. Meteorologi pnk'!E101 -> 0 | AH93: ='Sta. Meteorologi pnk'!F101 -> 0 | AI93: ='Sta. Meteorologi pnk'!G101 -> 0 | AJ93: ='Sta. Meteorologi pnk'!H101 -> 0 | AK93: ='Sta. Meteorologi pnk'!I101 -> 0 | ... AO93: ='Sta. Meteorologi pnk'!M101 -> 9.2 | AQ93: 4 | AR93: =((P93/($AV$1^2))+(AD93/($AV$2^2)))/((1/($AV$1^2))+(1/($AV$2^2))) -> 4.6723539 | AS93: =((Q93/($AV$1^2))+(AE93/($AV$2^2)))/((1/($AV$1^2))+(1/($AV$2^2))) -> 18.616257 | AT93: =((R93/($AV$1^2))+(AF93/($AV$2^2)))/((1/($AV$1^2))+(1/($AV$2^2))) -> 0 | AU93: =((S93/($AV$1^2))+(AG93/($AV$2^2)))/((1/($AV$1^2))+(1/($AV$2^2))) -> 11.656991 | AV93: =((T93/($AV$1^2))+(AH93/($AV$2^2)))/((1/($AV$1^2))+(1/($AV$2^2))) -> 7.4475219 | AW93: =((U93/($AV$1^2))+(AI93/($AV$2^2)))/((1/($AV$1^2))+(1/($AV$2^2))) -> 0 | AX93: =((V93/($AV$1^2))+(AJ93/($AV$2^2)))/((1/($AV$1^2))+(1/($AV$2^2))) -> 0 | AY93: =((W93/($AV$1^2))+(AK93/($AV$2^2)))/((1/($AV$1^2))+(1/($AV$2^2))) -> 0 | ... BC93: =((AA93/($AV$1^2))+(AO93/($AV$2^2)))/((1/($AV$1^2))+(1/($AV$2^2))) -> 21.43984 | BE93: 4 | BF93: =((B93/($BI$1^2))+(P93/($AV$1^2))+(AD93/($AV$2^2)))/((1/($BI$1^2))+(1/($AV$1^2))+(1/($AV$2^2))) -> 4.950968 | BG93: =((C93/($BI$1^2))+(Q93/($AV$1^2))+(AE93/($AV$2^2)))/((1/($BI$1^2))+(1/($AV$1^2))+(1/($AV$2^2))) -> 17.932782 | BH93: =((D93/($BI$1^2))+(R93/($AV$1^2))+(AF93/($AV$2^2)))/((1/($BI$1^2))+(1/($AV$1^2))+(1/($AV$2^2))) -> 0 | BI93: =((E93/($BI$1^2))+(S93/($AV$1^2))+(AG93/($AV$2^2)))/((1/($BI$1^2))+(1/($AV$1^2))+(1/($AV$2^2))) -> 13.224195 | BJ93: =((F93/($BI$1^2))+(T93/($AV$1^2))+(AH93/($AV$2^2)))/((1/($BI$1^2))+(1/($AV$1^2))+(1/($AV$2^2))) -> 8.4487912 | BK93: =((G93/($BI$1^2))+(U93/($AV$1^2))+(AI93/($AV$2^2)))/((1/($BI$1^2))+(1/($AV$1^2))+(1/($AV$2^2))) -> 0 | BL93: =((H93/($BI$1^2))+(V93/($AV$1^2))+(AJ93/($AV$2^2)))/((1/($BI$1^2))+(1/($AV$1^2))+(1/($AV$2^2))) -> 0 | BM93: =((I93/($BI$1^2))+(W93/($AV$1^2))+(AK93/($AV$2^2)))/((1/($BI$1^2))+(1/($AV$1^2))+(1/($AV$2^2))) -> 0 | ... BQ93: =((M93/($BI$1^2))+(AA93/($AV$1^2))+(AO93/($AV$2^2)))/((1/($BI$1^2))+(1/($AV$1^2))+(1/($AV$2^2))) -> 23.085405
A94: 5 | B94: =IF('Data 2'!B94<0.1,0,'Data 2'!B94) -> 11.967145 | C94: =IF('Data 2'!C94<0.1,0,'Data 2'!C94) -> 0 | D94: =IF('Data 2'!D94<0.1,0,'Data 2'!D94) -> 0 | E94: =IF('Data 2'!E94<0.1,0,'Data 2'!E94) -> 0 | F94: =IF('Data 2'!F94<0.1,0,'Data 2'!F94) -> 0 | G94: =IF('Data 2'!G94<0.1,0,'Data 2'!G94) -> 0.67145162 | H94: =IF('Data 2'!H94<0.1,0,'Data 2'!H94) -> 0 | I94: =IF('Data 2'!I94<0.1,0,'Data 2'!I94) -> 0 | ... M94: =IF('Data 2'!M94<0.1,0,'Data 2'!M94) -> 50.373839 | O94: 5 | P94: ='Stasiun Pontianak Kota'!Q144 -> 12 | Q94: ='Stasiun Pontianak Kota'!R144 -> 0 | R94: ='Stasiun Pontianak Kota'!S144 -> 0 | S94: ='Stasiun Pontianak Kota'!T144 -> 0 | T94: ='Stasiun Pontianak Kota'!U144 -> 0 | U94: ='Stasiun Pontianak Kota'!V144 -> 1 | V94: ='Stasiun Pontianak Kota'!W144 -> 0 | W94: ='Stasiun Pontianak Kota'!X144 -> 0 | ... AA94: ='Stasiun Pontianak Kota'!AB144 -> 44 | AC94: 5 | AD94: ='Sta. Meteorologi pnk'!B102 -> 11.9 | AE94: ='Sta. Meteorologi pnk'!C102 -> 0 | AF94: ='Sta. Meteorologi pnk'!D102 -> 0 | AG94: ='Sta. Meteorologi pnk'!E102 -> 0 | AH94: ='Sta. Meteorologi pnk'!F102 -> 0 | AI94: ='Sta. Meteorologi pnk'!G102 -> 0 | AJ94: ='Sta. Meteorologi pnk'!H102 -> 0 | AK94: ='Sta. Meteorologi pnk'!I102 -> 0 | ... AO94: ='Sta. Meteorologi pnk'!M102 -> 63.4 | AQ94: 5 | AR94: =((P94/($AV$1^2))+(AD94/($AV$2^2)))/((1/($AV$1^2))+(1/($AV$2^2))) -> 11.932381 | AS94: =((Q94/($AV$1^2))+(AE94/($AV$2^2)))/((1/($AV$1^2))+(1/($AV$2^2))) -> 0 | AT94: =((R94/($AV$1^2))+(AF94/($AV$2^2)))/((1/($AV$1^2))+(1/($AV$2^2))) -> 0 | AU94: =((S94/($AV$1^2))+(AG94/($AV$2^2)))/((1/($AV$1^2))+(1/($AV$2^2))) -> 0 | AV94: =((T94/($AV$1^2))+(AH94/($AV$2^2)))/((1/($AV$1^2))+(1/($AV$2^2))) -> 0 | AW94: =((U94/($AV$1^2))+(AI94/($AV$2^2)))/((1/($AV$1^2))+(1/($AV$2^2))) -> 0.3238053 | AX94: =((V94/($AV$1^2))+(AJ94/($AV$2^2)))/((1/($AV$1^2))+(1/($AV$2^2))) -> 0 | AY94: =((W94/($AV$1^2))+(AK94/($AV$2^2)))/((1/($AV$1^2))+(1/($AV$2^2))) -> 0 | ... BC94: =((AA94/($AV$1^2))+(AO94/($AV$2^2)))/((1/($AV$1^2))+(1/($AV$2^2))) -> 57.118177 | BE94: 5 | BF94: =((B94/($BI$1^2))+(P94/($AV$1^2))+(AD94/($AV$2^2)))/((1/($BI$1^2))+(1/($AV$1^2))+(1/($AV$2^2))) -> 11.936734 | BG94: =((C94/($BI$1^2))+(Q94/($AV$1^2))+(AE94/($AV$2^2)))/((1/($BI$1^2))+(1/($AV$1^2))+(1/($AV$2^2))) -> 0 | BH94: =((D94/($BI$1^2))+(R94/($AV$1^2))+(AF94/($AV$2^2)))/((1/($BI$1^2))+(1/($AV$1^2))+(1/($AV$2^2))) -> 0 | BI94: =((E94/($BI$1^2))+(S94/($AV$1^2))+(AG94/($AV$2^2)))/((1/($BI$1^2))+(1/($AV$1^2))+(1/($AV$2^2))) -> 0 | BJ94: =((F94/($BI$1^2))+(T94/($AV$1^2))+(AH94/($AV$2^2)))/((1/($BI$1^2))+(1/($AV$1^2))+(1/($AV$2^2))) -> 0 | BK94: =((G94/($BI$1^2))+(U94/($AV$1^2))+(AI94/($AV$2^2)))/((1/($BI$1^2))+(1/($AV$1^2))+(1/($AV$2^2))) -> 0.36733875 | BL94: =((H94/($BI$1^2))+(V94/($AV$1^2))+(AJ94/($AV$2^2)))/((1/($BI$1^2))+(1/($AV$1^2))+(1/($AV$2^2))) -> 0 | BM94: =((I94/($BI$1^2))+(W94/($AV$1^2))+(AK94/($AV$2^2)))/((1/($BI$1^2))+(1/($AV$1^2))+(1/($AV$2^2))) -> 0 | ... BQ94: =((M94/($BI$1^2))+(AA94/($AV$1^2))+(AO94/($AV$2^2)))/((1/($BI$1^2))+(1/($AV$1^2))+(1/($AV$2^2))) -> 56.273628
A95: 6 | B95: =IF('Data 2'!B95<0.1,0,'Data 2'!B95) -> 1.8357258 | C95: =IF('Data 2'!C95<0.1,0,'Data 2'!C95) -> 14.390419 | D95: =IF('Data 2'!D95<0.1,0,'Data 2'!D95) -> 0 | E95: =IF('Data 2'!E95<0.1,0,'Data 2'!E95) -> 0 | F95: =IF('Data 2'!F95<0.1,0,'Data 2'!F95) -> 0 | G95: =IF('Data 2'!G95<0.1,0,'Data 2'!G95) -> 6.7145162 | H95: =IF('Data 2'!H95<0.1,0,'Data 2'!H95) -> 0 | I95: =IF('Data 2'!I95<0.1,0,'Data 2'!I95) -> 0 | ... M95: =IF('Data 2'!M95<0.1,0,'Data 2'!M95) -> 0 | O95: 6 | P95: ='Stasiun Pontianak Kota'!Q145 -> 2 | Q95: ='Stasiun Pontianak Kota'!R145 -> 0 | R95: ='Stasiun Pontianak Kota'!S145 -> 0 | S95: ='Stasiun Pontianak Kota'!T145 -> 0 | T95: ='Stasiun Pontianak Kota'!U145 -> 0 | U95: ='Stasiun Pontianak Kota'!V145 -> 10 | V95: ='Stasiun Pontianak Kota'!W145 -> 0 | W95: ='Stasiun Pontianak Kota'!X145 -> 0 | ... AA95: ='Stasiun Pontianak Kota'!AB145 -> 0 | AC95: 6 | AD95: ='Sta. Meteorologi pnk'!B103 -> 1.5 | AE95: ='Sta. Meteorologi pnk'!C103 -> 43.8 | AF95: ='Sta. Meteorologi pnk'!D103 -> 0 | AG95: ='Sta. Meteorologi pnk'!E103 -> 0 | AH95: ='Sta. Meteorologi pnk'!F103 -> 0 | AI95: ='Sta. Meteorologi pnk'!G103 -> 0 | AJ95: ='Sta. Meteorologi pnk'!H103 -> 0 | AK95: ='Sta. Meteorologi pnk'!I103 -> 0 | ... AO95: ='Sta. Meteorologi pnk'!M103 -> 0 | AQ95: 6 | AR95: =((P95/($AV$1^2))+(AD95/($AV$2^2)))/((1/($AV$1^2))+(1/($AV$2^2))) -> 1.6619026 | AS95: =((Q95/($AV$1^2))+(AE95/($AV$2^2)))/((1/($AV$1^2))+(1/($AV$2^2))) -> 29.617328 | AT95: =((R95/($AV$1^2))+(AF95/($AV$2^2)))/((1/($AV$1^2))+(1/($AV$2^2))) -> 0 | AU95: =((S95/($AV$1^2))+(AG95/($AV$2^2)))/((1/($AV$1^2))+(1/($AV$2^2))) -> 0 | AV95: =((T95/($AV$1^2))+(AH95/($AV$2^2)))/((1/($AV$1^2))+(1/($AV$2^2))) -> 0 | AW95: =((U95/($AV$1^2))+(AI95/($AV$2^2)))/((1/($AV$1^2))+(1/($AV$2^2))) -> 3.238053 | AX95: =((V95/($AV$1^2))+(AJ95/($AV$2^2)))/((1/($AV$1^2))+(1/($AV$2^2))) -> 0 | AY95: =((W95/($AV$1^2))+(AK95/($AV$2^2)))/((1/($AV$1^2))+(1/($AV$2^2))) -> 0 | ... BC95: =((AA95/($AV$1^2))+(AO95/($AV$2^2)))/((1/($AV$1^2))+(1/($AV$2^2))) -> 0 | BE95: 6 | BF95: =((B95/($BI$1^2))+(P95/($AV$1^2))+(AD95/($AV$2^2)))/((1/($BI$1^2))+(1/($AV$1^2))+(1/($AV$2^2))) -> 1.6836694 | BG95: =((C95/($BI$1^2))+(Q95/($AV$1^2))+(AE95/($AV$2^2)))/((1/($BI$1^2))+(1/($AV$1^2))+(1/($AV$2^2))) -> 27.710563 | BH95: =((D95/($BI$1^2))+(R95/($AV$1^2))+(AF95/($AV$2^2)))/((1/($BI$1^2))+(1/($AV$1^2))+(1/($AV$2^2))) -> 0 | BI95: =((E95/($BI$1^2))+(S95/($AV$1^2))+(AG95/($AV$2^2)))/((1/($BI$1^2))+(1/($AV$1^2))+(1/($AV$2^2))) -> 0 | BJ95: =((F95/($BI$1^2))+(T95/($AV$1^2))+(AH95/($AV$2^2)))/((1/($BI$1^2))+(1/($AV$1^2))+(1/($AV$2^2))) -> 0 | BK95: =((G95/($BI$1^2))+(U95/($AV$1^2))+(AI95/($AV$2^2)))/((1/($BI$1^2))+(1/($AV$1^2))+(1/($AV$2^2))) -> 3.6733875 | BL95: =((H95/($BI$1^2))+(V95/($AV$1^2))+(AJ95/($AV$2^2)))/((1/($BI$1^2))+(1/($AV$1^2))+(1/($AV$2^2))) -> 0 | BM95: =((I95/($BI$1^2))+(W95/($AV$1^2))+(AK95/($AV$2^2)))/((1/($BI$1^2))+(1/($AV$1^2))+(1/($AV$2^2))) -> 0 | ... BQ95: =((M95/($BI$1^2))+(AA95/($AV$1^2))+(AO95/($AV$2^2)))/((1/($BI$1^2))+(1/($AV$1^2))+(1/($AV$2^2))) -> 0
A96: 7 | B96: =IF('Data 2'!B96<0.1,0,'Data 2'!B96) -> 0 | C96: =IF('Data 2'!C96<0.1,0,'Data 2'!C96) -> 6.0430645 | D96: =IF('Data 2'!D96<0.1,0,'Data 2'!D96) -> 0 | E96: =IF('Data 2'!E96<0.1,0,'Data 2'!E96) -> 0 | F96: =IF('Data 2'!F96<0.1,0,'Data 2'!F96) -> 0 | G96: =IF('Data 2'!G96<0.1,0,'Data 2'!G96) -> 25.515161 | H96: =IF('Data 2'!H96<0.1,0,'Data 2'!H96) -> 0 | I96: =IF('Data 2'!I96<0.1,0,'Data 2'!I96) -> 0 | ... M96: =IF('Data 2'!M96<0.1,0,'Data 2'!M96) -> 4.2484839 | O96: 7 | P96: ='Stasiun Pontianak Kota'!Q146 -> 0 | Q96: ='Stasiun Pontianak Kota'!R146 -> 9 | R96: ='Stasiun Pontianak Kota'!S146 -> 0 | S96: ='Stasiun Pontianak Kota'!T146 -> 0 | T96: ='Stasiun Pontianak Kota'!U146 -> 0 | U96: ='Stasiun Pontianak Kota'!V146 -> 38 | V96: ='Stasiun Pontianak Kota'!W146 -> 0 | W96: ='Stasiun Pontianak Kota'!X146 -> 0 | ... AA96: ='Stasiun Pontianak Kota'!AB146 -> 3 | AC96: 7 | AD96: ='Sta. Meteorologi pnk'!B104 -> 0 | AE96: ='Sta. Meteorologi pnk'!C104 -> 0 | AF96: ='Sta. Meteorologi pnk'!D104 -> 0 | AG96: ='Sta. Meteorologi pnk'!E104 -> 0 | AH96: ='Sta. Meteorologi pnk'!F104 -> 0 | AI96: ='Sta. Meteorologi pnk'!G104 -> 0 | AJ96: ='Sta. Meteorologi pnk'!H104 -> 0 | AK96: ='Sta. Meteorologi pnk'!I104 -> 0 | ... AO96: ='Sta. Meteorologi pnk'!M104 -> 6.8 | AQ96: 7 | AR96: =((P96/($AV$1^2))+(AD96/($AV$2^2)))/((1/($AV$1^2))+(1/($AV$2^2))) -> 0 | AS96: =((Q96/($AV$1^2))+(AE96/($AV$2^2)))/((1/($AV$1^2))+(1/($AV$2^2))) -> 2.9142477 | AT96: =((R96/($AV$1^2))+(AF96/($AV$2^2)))/((1/($AV$1^2))+(1/($AV$2^2))) -> 0 | AU96: =((S96/($AV$1^2))+(AG96/($AV$2^2)))/((1/($AV$1^2))+(1/($AV$2^2))) -> 0 | AV96: =((T96/($AV$1^2))+(AH96/($AV$2^2)))/((1/($AV$1^2))+(1/($AV$2^2))) -> 0 | AW96: =((U96/($AV$1^2))+(AI96/($AV$2^2)))/((1/($AV$1^2))+(1/($AV$2^2))) -> 12.304601 | AX96: =((V96/($AV$1^2))+(AJ96/($AV$2^2)))/((1/($AV$1^2))+(1/($AV$2^2))) -> 0 | AY96: =((W96/($AV$1^2))+(AK96/($AV$2^2)))/((1/($AV$1^2))+(1/($AV$2^2))) -> 0 | ... BC96: =((AA96/($AV$1^2))+(AO96/($AV$2^2)))/((1/($AV$1^2))+(1/($AV$2^2))) -> 5.5695399 | BE96: 7 | BF96: =((B96/($BI$1^2))+(P96/($AV$1^2))+(AD96/($AV$2^2)))/((1/($BI$1^2))+(1/($AV$1^2))+(1/($AV$2^2))) -> 0 | BG96: =((C96/($BI$1^2))+(Q96/($AV$1^2))+(AE96/($AV$2^2)))/((1/($BI$1^2))+(1/($AV$1^2))+(1/($AV$2^2))) -> 3.3060487 | BH96: =((D96/($BI$1^2))+(R96/($AV$1^2))+(AF96/($AV$2^2)))/((1/($BI$1^2))+(1/($AV$1^2))+(1/($AV$2^2))) -> 0 | BI96: =((E96/($BI$1^2))+(S96/($AV$1^2))+(AG96/($AV$2^2)))/((1/($BI$1^2))+(1/($AV$1^2))+(1/($AV$2^2))) -> 0 | BJ96: =((F96/($BI$1^2))+(T96/($AV$1^2))+(AH96/($AV$2^2)))/((1/($BI$1^2))+(1/($AV$1^2))+(1/($AV$2^2))) -> 0 | BK96: =((G96/($BI$1^2))+(U96/($AV$1^2))+(AI96/($AV$2^2)))/((1/($BI$1^2))+(1/($AV$1^2))+(1/($AV$2^2))) -> 13.958872 | BL96: =((H96/($BI$1^2))+(V96/($AV$1^2))+(AJ96/($AV$2^2)))/((1/($BI$1^2))+(1/($AV$1^2))+(1/($AV$2^2))) -> 0 | BM96: =((I96/($BI$1^2))+(W96/($AV$1^2))+(AK96/($AV$2^2)))/((1/($BI$1^2))+(1/($AV$1^2))+(1/($AV$2^2))) -> 0 | ... BQ96: =((M96/($BI$1^2))+(AA96/($AV$1^2))+(AO96/($AV$2^2)))/((1/($BI$1^2))+(1/($AV$1^2))+(1/($AV$2^2))) -> 5.4041128
A97: 8 | B97: =IF('Data 2'!B97<0.1,0,'Data 2'!B97) -> 16.948645 | C97: =IF('Data 2'!C97<0.1,0,'Data 2'!C97) -> 25.515161 | D97: =IF('Data 2'!D97<0.1,0,'Data 2'!D97) -> 0 | E97: =IF('Data 2'!E97<0.1,0,'Data 2'!E97) -> 10.743226 | F97: =IF('Data 2'!F97<0.1,0,'Data 2'!F97) -> 0 | G97: =IF('Data 2'!G97<0.1,0,'Data 2'!G97) -> 23.500807 | H97: =IF('Data 2'!H97<0.1,0,'Data 2'!H97) -> 0 | I97: =IF('Data 2'!I97<0.1,0,'Data 2'!I97) -> 0 | ... M97: =IF('Data 2'!M97<0.1,0,'Data 2'!M97) -> 30.379597 | O97: 8 | P97: ='Stasiun Pontianak Kota'!Q147 -> 18 | Q97: ='Stasiun Pontianak Kota'!R147 -> 38 | R97: ='Stasiun Pontianak Kota'!S147 -> 0 | S97: ='Stasiun Pontianak Kota'!T147 -> 16 | T97: ='Stasiun Pontianak Kota'!U147 -> 0 | U97: ='Stasiun Pontianak Kota'!V147 -> 35 | V97: ='Stasiun Pontianak Kota'!W147 -> 0 | W97: ='Stasiun Pontianak Kota'!X147 -> 0 | ... AA97: ='Stasiun Pontianak Kota'!AB147 -> 45 | AC97: 8 | AD97: ='Sta. Meteorologi pnk'!B105 -> 14.8 | AE97: ='Sta. Meteorologi pnk'!C105 -> 0 | AF97: ='Sta. Meteorologi pnk'!D105 -> 0 | AG97: ='Sta. Meteorologi pnk'!E105 -> 0 | AH97: ='Sta. Meteorologi pnk'!F105 -> 0 | AI97: ='Sta. Meteorologi pnk'!G105 -> 0 | AJ97: ='Sta. Meteorologi pnk'!H105 -> 0 | AK97: ='Sta. Meteorologi pnk'!I105 -> 0 | ... AO97: ='Sta. Meteorologi pnk'!M105 -> 0.5 | AQ97: 8 | AR97: =((P97/($AV$1^2))+(AD97/($AV$2^2)))/((1/($AV$1^2))+(1/($AV$2^2))) -> 15.836177 | AS97: =((Q97/($AV$1^2))+(AE97/($AV$2^2)))/((1/($AV$1^2))+(1/($AV$2^2))) -> 12.304601 | AT97: =((R97/($AV$1^2))+(AF97/($AV$2^2)))/((1/($AV$1^2))+(1/($AV$2^2))) -> 0 | AU97: =((S97/($AV$1^2))+(AG97/($AV$2^2)))/((1/($AV$1^2))+(1/($AV$2^2))) -> 5.1808848 | AV97: =((T97/($AV$1^2))+(AH97/($AV$2^2)))/((1/($AV$1^2))+(1/($AV$2^2))) -> 0 | AW97: =((U97/($AV$1^2))+(AI97/($AV$2^2)))/((1/($AV$1^2))+(1/($AV$2^2))) -> 11.333185 | AX97: =((V97/($AV$1^2))+(AJ97/($AV$2^2)))/((1/($AV$1^2))+(1/($AV$2^2))) -> 0 | AY97: =((W97/($AV$1^2))+(AK97/($AV$2^2)))/((1/($AV$1^2))+(1/($AV$2^2))) -> 0 | ... BC97: =((AA97/($AV$1^2))+(AO97/($AV$2^2)))/((1/($AV$1^2))+(1/($AV$2^2))) -> 14.909336 | BE97: 8 | BF97: =((B97/($BI$1^2))+(P97/($AV$1^2))+(AD97/($AV$2^2)))/((1/($BI$1^2))+(1/($AV$1^2))+(1/($AV$2^2))) -> 15.975484 | BG97: =((C97/($BI$1^2))+(Q97/($AV$1^2))+(AE97/($AV$2^2)))/((1/($BI$1^2))+(1/($AV$1^2))+(1/($AV$2^2))) -> 13.958872 | BH97: =((D97/($BI$1^2))+(R97/($AV$1^2))+(AF97/($AV$2^2)))/((1/($BI$1^2))+(1/($AV$1^2))+(1/($AV$2^2))) -> 0 | BI97: =((E97/($BI$1^2))+(S97/($AV$1^2))+(AG97/($AV$2^2)))/((1/($BI$1^2))+(1/($AV$1^2))+(1/($AV$2^2))) -> 5.87742 | BJ97: =((F97/($BI$1^2))+(T97/($AV$1^2))+(AH97/($AV$2^2)))/((1/($BI$1^2))+(1/($AV$1^2))+(1/($AV$2^2))) -> 0 | BK97: =((G97/($BI$1^2))+(U97/($AV$1^2))+(AI97/($AV$2^2)))/((1/($BI$1^2))+(1/($AV$1^2))+(1/($AV$2^2))) -> 12.856856 | BL97: =((H97/($BI$1^2))+(V97/($AV$1^2))+(AJ97/($AV$2^2)))/((1/($BI$1^2))+(1/($AV$1^2))+(1/($AV$2^2))) -> 0 | BM97: =((I97/($BI$1^2))+(W97/($AV$1^2))+(AK97/($AV$2^2)))/((1/($BI$1^2))+(1/($AV$1^2))+(1/($AV$2^2))) -> 0 | ... BQ97: =((M97/($BI$1^2))+(AA97/($AV$1^2))+(AO97/($AV$2^2)))/((1/($BI$1^2))+(1/($AV$1^2))+(1/($AV$2^2))) -> 16.846574
A98: 9 | B98: =IF('Data 2'!B98<0.1,0,'Data 2'!B98) -> 3.1827742 | C98: =IF('Data 2'!C98<0.1,0,'Data 2'!C98) -> 11.414677 | D98: =IF('Data 2'!D98<0.1,0,'Data 2'!D98) -> 0 | E98: =IF('Data 2'!E98<0.1,0,'Data 2'!E98) -> 1.3429032 | F98: =IF('Data 2'!F98<0.1,0,'Data 2'!F98) -> 20.143548 | G98: =IF('Data 2'!G98<0.1,0,'Data 2'!G98) -> 0 | H98: =IF('Data 2'!H98<0.1,0,'Data 2'!H98) -> 0 | I98: =IF('Data 2'!I98<0.1,0,'Data 2'!I98) -> 0 | ... M98: =IF('Data 2'!M98<0.1,0,'Data 2'!M98) -> 35.525677 | O98: 9 | P98: ='Stasiun Pontianak Kota'!Q148 -> 2 | Q98: ='Stasiun Pontianak Kota'!R148 -> 17 | R98: ='Stasiun Pontianak Kota'!S148 -> 0 | S98: ='Stasiun Pontianak Kota'!T148 -> 2 | T98: ='Stasiun Pontianak Kota'!U148 -> 30 | U98: ='Stasiun Pontianak Kota'!V148 -> 0 | V98: ='Stasiun Pontianak Kota'!W148 -> 0 | W98: ='Stasiun Pontianak Kota'!X148 -> 0 | ... AA98: ='Stasiun Pontianak Kota'!AB148 -> 35 | AC98: 9 | AD98: ='Sta. Meteorologi pnk'!B106 -> 5.6 | AE98: ='Sta. Meteorologi pnk'!C106 -> 0 | AF98: ='Sta. Meteorologi pnk'!D106 -> 0 | AG98: ='Sta. Meteorologi pnk'!E106 -> 0 | AH98: ='Sta. Meteorologi pnk'!F106 -> 0 | AI98: ='Sta. Meteorologi pnk'!G106 -> 0 | AJ98: ='Sta. Meteorologi pnk'!H106 -> 0 | AK98: ='Sta. Meteorologi pnk'!I106 -> 0 | ... AO98: ='Sta. Meteorologi pnk'!M106 -> 36.6 | AQ98: 9 | AR98: =((P98/($AV$1^2))+(AD98/($AV$2^2)))/((1/($AV$1^2))+(1/($AV$2^2))) -> 4.4343009 | AS98: =((Q98/($AV$1^2))+(AE98/($AV$2^2)))/((1/($AV$1^2))+(1/($AV$2^2))) -> 5.5046901 | AT98: =((R98/($AV$1^2))+(AF98/($AV$2^2)))/((1/($AV$1^2))+(1/($AV$2^2))) -> 0 | AU98: =((S98/($AV$1^2))+(AG98/($AV$2^2)))/((1/($AV$1^2))+(1/($AV$2^2))) -> 0.6476106 | AV98: =((T98/($AV$1^2))+(AH98/($AV$2^2)))/((1/($AV$1^2))+(1/($AV$2^2))) -> 9.714159 | AW98: =((U98/($AV$1^2))+(AI98/($AV$2^2)))/((1/($AV$1^2))+(1/($AV$2^2))) -> 0 | AX98: =((V98/($AV$1^2))+(AJ98/($AV$2^2)))/((1/($AV$1^2))+(1/($AV$2^2))) -> 0 | AY98: =((W98/($AV$1^2))+(AK98/($AV$2^2)))/((1/($AV$1^2))+(1/($AV$2^2))) -> 0 | ... BC98: =((AA98/($AV$1^2))+(AO98/($AV$2^2)))/((1/($AV$1^2))+(1/($AV$2^2))) -> 36.081912 | BE98: 9 | BF98: =((B98/($BI$1^2))+(P98/($AV$1^2))+(AD98/($AV$2^2)))/((1/($BI$1^2))+(1/($AV$1^2))+(1/($AV$2^2))) -> 4.2775805 | BG98: =((C98/($BI$1^2))+(Q98/($AV$1^2))+(AE98/($AV$2^2)))/((1/($BI$1^2))+(1/($AV$1^2))+(1/($AV$2^2))) -> 6.2447587 | BH98: =((D98/($BI$1^2))+(R98/($AV$1^2))+(AF98/($AV$2^2)))/((1/($BI$1^2))+(1/($AV$1^2))+(1/($AV$2^2))) -> 0 | BI98: =((E98/($BI$1^2))+(S98/($AV$1^2))+(AG98/($AV$2^2)))/((1/($BI$1^2))+(1/($AV$1^2))+(1/($AV$2^2))) -> 0.7346775 | BJ98: =((F98/($BI$1^2))+(T98/($AV$1^2))+(AH98/($AV$2^2)))/((1/($BI$1^2))+(1/($AV$1^2))+(1/($AV$2^2))) -> 11.020162 | BK98: =((G98/($BI$1^2))+(U98/($AV$1^2))+(AI98/($AV$2^2)))/((1/($BI$1^2))+(1/($AV$1^2))+(1/($AV$2^2))) -> 0 | BL98: =((H98/($BI$1^2))+(V98/($AV$1^2))+(AJ98/($AV$2^2)))/((1/($BI$1^2))+(1/($AV$1^2))+(1/($AV$2^2))) -> 0 | BM98: =((I98/($BI$1^2))+(W98/($AV$1^2))+(AK98/($AV$2^2)))/((1/($BI$1^2))+(1/($AV$1^2))+(1/($AV$2^2))) -> 0 | ... BQ98: =((M98/($BI$1^2))+(AA98/($AV$1^2))+(AO98/($AV$2^2)))/((1/($BI$1^2))+(1/($AV$1^2))+(1/($AV$2^2))) -> 36.012258
A99: 10 | B99: =IF('Data 2'!B99<0.1,0,'Data 2'!B99) -> 0.22998387 | C99: =IF('Data 2'!C99<0.1,0,'Data 2'!C99) -> 6.7145162 | D99: =IF('Data 2'!D99<0.1,0,'Data 2'!D99) -> 0 | E99: =IF('Data 2'!E99<0.1,0,'Data 2'!E99) -> 4.7001613 | F99: =IF('Data 2'!F99<0.1,0,'Data 2'!F99) -> 0 | G99: =IF('Data 2'!G99<0.1,0,'Data 2'!G99) -> 19.472097 | H99: =IF('Data 2'!H99<0.1,0,'Data 2'!H99) -> 0 | I99: =IF('Data 2'!I99<0.1,0,'Data 2'!I99) -> 0 | ... M99: =IF('Data 2'!M99<0.1,0,'Data 2'!M99) -> 0.75566128 | O99: 10 | P99: ='Stasiun Pontianak Kota'!Q149 -> 0 | Q99: ='Stasiun Pontianak Kota'!R149 -> 10 | R99: ='Stasiun Pontianak Kota'!S149 -> 0 | S99: ='Stasiun Pontianak Kota'!T149 -> 7 | T99: ='Stasiun Pontianak Kota'!U149 -> 0 | U99: ='Stasiun Pontianak Kota'!V149 -> 29 | V99: ='Stasiun Pontianak Kota'!W149 -> 0 | W99: ='Stasiun Pontianak Kota'!X149 -> 0 | ... AA99: ='Stasiun Pontianak Kota'!AB149 -> 0 | AC99: 10 | AD99: ='Sta. Meteorologi pnk'!B107 -> 0.7 | AE99: ='Sta. Meteorologi pnk'!C107 -> 0 | AF99: ='Sta. Meteorologi pnk'!D107 -> 0 | AG99: ='Sta. Meteorologi pnk'!E107 -> 0 | AH99: ='Sta. Meteorologi pnk'!F107 -> 0 | AI99: ='Sta. Meteorologi pnk'!G107 -> 0 | AJ99: ='Sta. Meteorologi pnk'!H107 -> 0 | AK99: ='Sta. Meteorologi pnk'!I107 -> 0 | ... AO99: ='Sta. Meteorologi pnk'!M107 -> 2.3 | AQ99: 10 | AR99: =((P99/($AV$1^2))+(AD99/($AV$2^2)))/((1/($AV$1^2))+(1/($AV$2^2))) -> 0.47333629 | AS99: =((Q99/($AV$1^2))+(AE99/($AV$2^2)))/((1/($AV$1^2))+(1/($AV$2^2))) -> 3.238053 | AT99: =((R99/($AV$1^2))+(AF99/($AV$2^2)))/((1/($AV$1^2))+(1/($AV$2^2))) -> 0 | AU99: =((S99/($AV$1^2))+(AG99/($AV$2^2)))/((1/($AV$1^2))+(1/($AV$2^2))) -> 2.2666371 | AV99: =((T99/($AV$1^2))+(AH99/($AV$2^2)))/((1/($AV$1^2))+(1/($AV$2^2))) -> 0 | AW99: =((U99/($AV$1^2))+(AI99/($AV$2^2)))/((1/($AV$1^2))+(1/($AV$2^2))) -> 9.3903537 | AX99: =((V99/($AV$1^2))+(AJ99/($AV$2^2)))/((1/($AV$1^2))+(1/($AV$2^2))) -> 0 | AY99: =((W99/($AV$1^2))+(AK99/($AV$2^2)))/((1/($AV$1^2))+(1/($AV$2^2))) -> 0 | ... BC99: =((AA99/($AV$1^2))+(AO99/($AV$2^2)))/((1/($AV$1^2))+(1/($AV$2^2))) -> 1.5552478 | BE99: 10 | BF99: =((B99/($BI$1^2))+(P99/($AV$1^2))+(AD99/($AV$2^2)))/((1/($BI$1^2))+(1/($AV$1^2))+(1/($AV$2^2))) -> 0.44286288 | BG99: =((C99/($BI$1^2))+(Q99/($AV$1^2))+(AE99/($AV$2^2)))/((1/($BI$1^2))+(1/($AV$1^2))+(1/($AV$2^2))) -> 3.6733875 | BH99: =((D99/($BI$1^2))+(R99/($AV$1^2))+(AF99/($AV$2^2)))/((1/($BI$1^2))+(1/($AV$1^2))+(1/($AV$2^2))) -> 0 | BI99: =((E99/($BI$1^2))+(S99/($AV$1^2))+(AG99/($AV$2^2)))/((1/($BI$1^2))+(1/($AV$1^2))+(1/($AV$2^2))) -> 2.5713712 | BJ99: =((F99/($BI$1^2))+(T99/($AV$1^2))+(AH99/($AV$2^2)))/((1/($BI$1^2))+(1/($AV$1^2))+(1/($AV$2^2))) -> 0 | BK99: =((G99/($BI$1^2))+(U99/($AV$1^2))+(AI99/($AV$2^2)))/((1/($BI$1^2))+(1/($AV$1^2))+(1/($AV$2^2))) -> 10.652824 | BL99: =((H99/($BI$1^2))+(V99/($AV$1^2))+(AJ99/($AV$2^2)))/((1/($BI$1^2))+(1/($AV$1^2))+(1/($AV$2^2))) -> 0 | BM99: =((I99/($BI$1^2))+(W99/($AV$1^2))+(AK99/($AV$2^2)))/((1/($BI$1^2))+(1/($AV$1^2))+(1/($AV$2^2))) -> 0 | ... BQ99: =((M99/($BI$1^2))+(AA99/($AV$1^2))+(AO99/($AV$2^2)))/((1/($BI$1^2))+(1/($AV$1^2))+(1/($AV$2^2))) -> 1.4551209
A100: 11 | B100: =IF('Data 2'!B100<0.1,0,'Data 2'!B100) -> 0 | C100: =IF('Data 2'!C100<0.1,0,'Data 2'!C100) -> 1.3429032 | D100: =IF('Data 2'!D100<0.1,0,'Data 2'!D100) -> 13.429032 | E100: =IF('Data 2'!E100<0.1,0,'Data 2'!E100) -> 0 | F100: =IF('Data 2'!F100<0.1,0,'Data 2'!F100) -> 0 | G100: =IF('Data 2'!G100<0.1,0,'Data 2'!G100) -> 0 | H100: =IF('Data 2'!H100<0.1,0,'Data 2'!H100) -> 0 | I100: =IF('Data 2'!I100<0.1,0,'Data 2'!I100) -> 0 | ... M100: =IF('Data 2'!M100<0.1,0,'Data 2'!M100) -> 12.681968 | O100: 11 | P100: ='Stasiun Pontianak Kota'!Q150 -> 0 | Q100: ='Stasiun Pontianak Kota'!R150 -> 2 | R100: ='Stasiun Pontianak Kota'!S150 -> 20 | S100: ='Stasiun Pontianak Kota'!T150 -> 0 | T100: ='Stasiun Pontianak Kota'!U150 -> 0 | U100: ='Stasiun Pontianak Kota'!V150 -> 0 | V100: ='Stasiun Pontianak Kota'!W150 -> 0 | W100: ='Stasiun Pontianak Kota'!X150 -> 0 | ... AA100: ='Stasiun Pontianak Kota'!AB150 -> 0 | AC100: 11 | AD100: ='Sta. Meteorologi pnk'!B108 -> 0 | AE100: ='Sta. Meteorologi pnk'!C108 -> 0 | AF100: ='Sta. Meteorologi pnk'!D108 -> 0 | AG100: ='Sta. Meteorologi pnk'!E108 -> 0 | AH100: ='Sta. Meteorologi pnk'!F108 -> 0 | AI100: ='Sta. Meteorologi pnk'!G108 -> 0 | AJ100: ='Sta. Meteorologi pnk'!H108 -> 0 | AK100: ='Sta. Meteorologi pnk'!I108 -> 0 | ... AO100: ='Sta. Meteorologi pnk'!M108 -> 38.6 | AQ100: 11 | AR100: =((P100/($AV$1^2))+(AD100/($AV$2^2)))/((1/($AV$1^2))+(1/($AV$2^2))) -> 0 | AS100: =((Q100/($AV$1^2))+(AE100/($AV$2^2)))/((1/($AV$1^2))+(1/($AV$2^2))) -> 0.6476106 | AT100: =((R100/($AV$1^2))+(AF100/($AV$2^2)))/((1/($AV$1^2))+(1/($AV$2^2))) -> 6.476106 | AU100: =((S100/($AV$1^2))+(AG100/($AV$2^2)))/((1/($AV$1^2))+(1/($AV$2^2))) -> 0 | AV100: =((T100/($AV$1^2))+(AH100/($AV$2^2)))/((1/($AV$1^2))+(1/($AV$2^2))) -> 0 | AW100: =((U100/($AV$1^2))+(AI100/($AV$2^2)))/((1/($AV$1^2))+(1/($AV$2^2))) -> 0 | AX100: =((V100/($AV$1^2))+(AJ100/($AV$2^2)))/((1/($AV$1^2))+(1/($AV$2^2))) -> 0 | AY100: =((W100/($AV$1^2))+(AK100/($AV$2^2)))/((1/($AV$1^2))+(1/($AV$2^2))) -> 0 | ... BC100: =((AA100/($AV$1^2))+(AO100/($AV$2^2)))/((1/($AV$1^2))+(1/($AV$2^2))) -> 26.101115 | BE100: 11 | BF100: =((B100/($BI$1^2))+(P100/($AV$1^2))+(AD100/($AV$2^2)))/((1/($BI$1^2))+(1/($AV$1^2))+(1/($AV$2^2))) -> 0 | BG100: =((C100/($BI$1^2))+(Q100/($AV$1^2))+(AE100/($AV$2^2)))/((1/($BI$1^2))+(1/($AV$1^2))+(1/($AV$2^2))) -> 0.7346775 | BH100: =((D100/($BI$1^2))+(R100/($AV$1^2))+(AF100/($AV$2^2)))/((1/($BI$1^2))+(1/($AV$1^2))+(1/($AV$2^2))) -> 7.346775 | BI100: =((E100/($BI$1^2))+(S100/($AV$1^2))+(AG100/($AV$2^2)))/((1/($BI$1^2))+(1/($AV$1^2))+(1/($AV$2^2))) -> 0 | BJ100: =((F100/($BI$1^2))+(T100/($AV$1^2))+(AH100/($AV$2^2)))/((1/($BI$1^2))+(1/($AV$1^2))+(1/($AV$2^2))) -> 0 | BK100: =((G100/($BI$1^2))+(U100/($AV$1^2))+(AI100/($AV$2^2)))/((1/($BI$1^2))+(1/($AV$1^2))+(1/($AV$2^2))) -> 0 | BL100: =((H100/($BI$1^2))+(V100/($AV$1^2))+(AJ100/($AV$2^2)))/((1/($BI$1^2))+(1/($AV$1^2))+(1/($AV$2^2))) -> 0 | BM100: =((I100/($BI$1^2))+(W100/($AV$1^2))+(AK100/($AV$2^2)))/((1/($BI$1^2))+(1/($AV$1^2))+(1/($AV$2^2))) -> 0 | ... BQ100: =((M100/($BI$1^2))+(AA100/($AV$1^2))+(AO100/($AV$2^2)))/((1/($BI$1^2))+(1/($AV$1^2))+(1/($AV$2^2))) -> 24.420724
A101: 12 | B101: =IF('Data 2'!B101<0.1,0,'Data 2'!B101) -> 0 | C101: =IF('Data 2'!C101<0.1,0,'Data 2'!C101) -> 0.67145162 | D101: =IF('Data 2'!D101<0.1,0,'Data 2'!D101) -> 0 | E101: =IF('Data 2'!E101<0.1,0,'Data 2'!E101) -> 7.3859678 | F101: =IF('Data 2'!F101<0.1,0,'Data 2'!F101) -> 33.572581 | G101: =IF('Data 2'!G101<0.1,0,'Data 2'!G101) -> 0 | H101: =IF('Data 2'!H101<0.1,0,'Data 2'!H101) -> 0 | I101: =IF('Data 2'!I101<0.1,0,'Data 2'!I101) -> 0 | ... M101: =IF('Data 2'!M101<0.1,0,'Data 2'!M101) -> 19.603516 | O101: 12 | P101: ='Stasiun Pontianak Kota'!Q151 -> 0 | Q101: ='Stasiun Pontianak Kota'!R151 -> 1 | R101: ='Stasiun Pontianak Kota'!S151 -> 0 | S101: ='Stasiun Pontianak Kota'!T151 -> 11 | T101: ='Stasiun Pontianak Kota'!U151 -> 50 | U101: ='Stasiun Pontianak Kota'!V151 -> 0 | V101: ='Stasiun Pontianak Kota'!W151 -> 0 | W101: ='Stasiun Pontianak Kota'!X151 -> 0 | ... AA101: ='Stasiun Pontianak Kota'!AB151 -> 29 | AC101: 12 | AD101: ='Sta. Meteorologi pnk'!B109 -> 0 | AE101: ='Sta. Meteorologi pnk'!C109 -> 0 | AF101: ='Sta. Meteorologi pnk'!D109 -> 0 | AG101: ='Sta. Meteorologi pnk'!E109 -> 0 | AH101: ='Sta. Meteorologi pnk'!F109 -> 0 | AI101: ='Sta. Meteorologi pnk'!G109 -> 0 | AJ101: ='Sta. Meteorologi pnk'!H109 -> 0 | AK101: ='Sta. Meteorologi pnk'!I109 -> 0 | ... AO101: ='Sta. Meteorologi pnk'!M109 -> 0.4 | AQ101: 12 | AR101: =((P101/($AV$1^2))+(AD101/($AV$2^2)))/((1/($AV$1^2))+(1/($AV$2^2))) -> 0 | AS101: =((Q101/($AV$1^2))+(AE101/($AV$2^2)))/((1/($AV$1^2))+(1/($AV$2^2))) -> 0.3238053 | AT101: =((R101/($AV$1^2))+(AF101/($AV$2^2)))/((1/($AV$1^2))+(1/($AV$2^2))) -> 0 | AU101: =((S101/($AV$1^2))+(AG101/($AV$2^2)))/((1/($AV$1^2))+(1/($AV$2^2))) -> 3.5618583 | AV101: =((T101/($AV$1^2))+(AH101/($AV$2^2)))/((1/($AV$1^2))+(1/($AV$2^2))) -> 16.190265 | AW101: =((U101/($AV$1^2))+(AI101/($AV$2^2)))/((1/($AV$1^2))+(1/($AV$2^2))) -> 0 | AX101: =((V101/($AV$1^2))+(AJ101/($AV$2^2)))/((1/($AV$1^2))+(1/($AV$2^2))) -> 0 | AY101: =((W101/($AV$1^2))+(AK101/($AV$2^2)))/((1/($AV$1^2))+(1/($AV$2^2))) -> 0 | ... BC101: =((AA101/($AV$1^2))+(AO101/($AV$2^2)))/((1/($AV$1^2))+(1/($AV$2^2))) -> 9.6608316 | BE101: 12 | BF101: =((B101/($BI$1^2))+(P101/($AV$1^2))+(AD101/($AV$2^2)))/((1/($BI$1^2))+(1/($AV$1^2))+(1/($AV$2^2))) -> 0 | BG101: =((C101/($BI$1^2))+(Q101/($AV$1^2))+(AE101/($AV$2^2)))/((1/($BI$1^2))+(1/($AV$1^2))+(1/($AV$2^2))) -> 0.36733875 | BH101: =((D101/($BI$1^2))+(R101/($AV$1^2))+(AF101/($AV$2^2)))/((1/($BI$1^2))+(1/($AV$1^2))+(1/($AV$2^2))) -> 0 | BI101: =((E101/($BI$1^2))+(S101/($AV$1^2))+(AG101/($AV$2^2)))/((1/($BI$1^2))+(1/($AV$1^2))+(1/($AV$2^2))) -> 4.0407262 | BJ101: =((F101/($BI$1^2))+(T101/($AV$1^2))+(AH101/($AV$2^2)))/((1/($BI$1^2))+(1/($AV$1^2))+(1/($AV$2^2))) -> 18.366937 | BK101: =((G101/($BI$1^2))+(U101/($AV$1^2))+(AI101/($AV$2^2)))/((1/($BI$1^2))+(1/($AV$1^2))+(1/($AV$2^2))) -> 0 | BL101: =((H101/($BI$1^2))+(V101/($AV$1^2))+(AJ101/($AV$2^2)))/((1/($BI$1^2))+(1/($AV$1^2))+(1/($AV$2^2))) -> 0 | BM101: =((I101/($BI$1^2))+(W101/($AV$1^2))+(AK101/($AV$2^2)))/((1/($BI$1^2))+(1/($AV$1^2))+(1/($AV$2^2))) -> 0 | ... BQ101: =((M101/($BI$1^2))+(AA101/($AV$1^2))+(AO101/($AV$2^2)))/((1/($BI$1^2))+(1/($AV$1^2))+(1/($AV$2^2))) -> 10.905888
... A120: 31 | B120: =IF('Data 2'!B120<0.1,0,'Data 2'!B120) -> 0 | C120: =IF('Data 2'!C120<0.1,0,'Data 2'!C120) -> 0 | D120: =IF('Data 2'!D120<0.1,0,'Data 2'!D120) -> 36.258387 | E120: =IF('Data 2'!E120<0.1,0,'Data 2'!E120) -> 0 | F120: =IF('Data 2'!F120<0.1,0,'Data 2'!F120) -> 0 | G120: =IF('Data 2'!G120<0.1,0,'Data 2'!G120) -> 0 | H120: =IF('Data 2'!H120<0.1,0,'Data 2'!H120) -> 26.186613 | I120: =IF('Data 2'!I120<0.1,0,'Data 2'!I120) -> 7.1910645 | ... M120: =IF('Data 2'!M120<0.1,0,'Data 2'!M120) -> 0 | O120: 31 | P120: ='Stasiun Pontianak Kota'!Q170 -> 0 | Q120: ='Stasiun Pontianak Kota'!R170 -> 0 | R120: ='Stasiun Pontianak Kota'!S170 -> 54 | S120: ='Stasiun Pontianak Kota'!T170 -> 0 | T120: ='Stasiun Pontianak Kota'!U170 -> 0 | U120: ='Stasiun Pontianak Kota'!V170 -> 0 | V120: ='Stasiun Pontianak Kota'!W170 -> 39 | W120: ='Stasiun Pontianak Kota'!X170 -> 2 | ... AA120: ='Stasiun Pontianak Kota'!AB170 -> 0 | AC120: 31 | AD120: ='Sta. Meteorologi pnk'!B128 -> 0 | AE120: ='Sta. Meteorologi pnk'!C128 -> 0 | AF120: ='Sta. Meteorologi pnk'!D128 -> 0 | AG120: ='Sta. Meteorologi pnk'!E128 -> 0 | AH120: ='Sta. Meteorologi pnk'!F128 -> 0 | AI120: ='Sta. Meteorologi pnk'!G128 -> 0 | AJ120: ='Sta. Meteorologi pnk'!H128 -> 0 | AK120: ='Sta. Meteorologi pnk'!I128 -> 17.8 | ... AO120: ='Sta. Meteorologi pnk'!M128 -> 0 | AQ120: 31 | AR120: =((P120/($AV$1^2))+(AD120/($AV$2^2)))/((1/($AV$1^2))+(1/($AV$2^2))) -> 0 | AS120: =((Q120/($AV$1^2))+(AE120/($AV$2^2)))/((1/($AV$1^2))+(1/($AV$2^2))) -> 0 | AT120: =((R120/($AV$1^2))+(AF120/($AV$2^2)))/((1/($AV$1^2))+(1/($AV$2^2))) -> 17.485486 | AU120: =((S120/($AV$1^2))+(AG120/($AV$2^2)))/((1/($AV$1^2))+(1/($AV$2^2))) -> 0 | AV120: =((T120/($AV$1^2))+(AH120/($AV$2^2)))/((1/($AV$1^2))+(1/($AV$2^2))) -> 0 | AW120: =((U120/($AV$1^2))+(AI120/($AV$2^2)))/((1/($AV$1^2))+(1/($AV$2^2))) -> 0 | AX120: =((V120/($AV$1^2))+(AJ120/($AV$2^2)))/((1/($AV$1^2))+(1/($AV$2^2))) -> 12.628407 | AY120: =((W120/($AV$1^2))+(AK120/($AV$2^2)))/((1/($AV$1^2))+(1/($AV$2^2))) -> 12.683876 | ... BC120: =((AA120/($AV$1^2))+(AO120/($AV$2^2)))/((1/($AV$1^2))+(1/($AV$2^2))) -> 0 | BE120: 31 | BF120: =((B120/($BI$1^2))+(P120/($AV$1^2))+(AD120/($AV$2^2)))/((1/($BI$1^2))+(1/($AV$1^2))+(1/($AV$2^2))) -> 0 | BG120: =((C120/($BI$1^2))+(Q120/($AV$1^2))+(AE120/($AV$2^2)))/((1/($BI$1^2))+(1/($AV$1^2))+(1/($AV$2^2))) -> 0 | BH120: =((D120/($BI$1^2))+(R120/($AV$1^2))+(AF120/($AV$2^2)))/((1/($BI$1^2))+(1/($AV$1^2))+(1/($AV$2^2))) -> 19.836292 | BI120: =((E120/($BI$1^2))+(S120/($AV$1^2))+(AG120/($AV$2^2)))/((1/($BI$1^2))+(1/($AV$1^2))+(1/($AV$2^2))) -> 0 | BJ120: =((F120/($BI$1^2))+(T120/($AV$1^2))+(AH120/($AV$2^2)))/((1/($BI$1^2))+(1/($AV$1^2))+(1/($AV$2^2))) -> 0 | BK120: =((G120/($BI$1^2))+(U120/($AV$1^2))+(AI120/($AV$2^2)))/((1/($BI$1^2))+(1/($AV$1^2))+(1/($AV$2^2))) -> 0 | BL120: =((H120/($BI$1^2))+(V120/($AV$1^2))+(AJ120/($AV$2^2)))/((1/($BI$1^2))+(1/($AV$1^2))+(1/($AV$2^2))) -> 14.326211 | BM120: =((I120/($BI$1^2))+(W120/($AV$1^2))+(AK120/($AV$2^2)))/((1/($BI$1^2))+(1/($AV$1^2))+(1/($AV$2^2))) -> 11.996048 | ... BQ120: =((M120/($BI$1^2))+(AA120/($AV$1^2))+(AO120/($AV$2^2)))/((1/($BI$1^2))+(1/($AV$1^2))+(1/($AV$2^2))) -> 0
A121: Jlh | B121: =SUM(B90:B120) -> 227.96492 | C121: =SUM(C90:C120) -> 145.85998 | D121: =SUM(D90:D120) -> 184.64919 | E121: =SUM(E90:E120) -> 83.26 | F121: =SUM(F90:F120) -> 232.99371 | G121: =SUM(G90:G120) -> 165.84855 | H121: =SUM(H90:H120) -> 94.674678 | I121: =SUM(I90:I120) -> 40.092194 | ... M121: =SUM(M90:M120) -> 277.45137 | O121: Jlh | P121: =SUM(P90:P120) -> 237 | Q121: =SUM(Q90:Q120) -> 166 | R121: =SUM(R90:R120) -> 275 | S121: =SUM(S90:S120) -> 124 | T121: =SUM(T90:T120) -> 347 | U121: =SUM(U90:U120) -> 247 | V121: =SUM(V90:V120) -> 141 | W121: =SUM(W90:W120) -> 51 | ... AA121: =SUM(AA90:AA120) -> 297 | AC121: Jlh | AD121: =SUM(AD90:AD120) -> 209.6 | AE121: =SUM(AE90:AE120) -> 104.7 | AF121: =SUM(AF90:AF120) -> 0 | AG121: =SUM(AG90:AG120) -> 0 | AH121: =SUM(AH90:AH120) -> 0 | AI121: =SUM(AI90:AI120) -> 0 | AJ121: =SUM(AJ90:AJ120) -> 0 | AK121: =SUM(AK90:AK120) -> 17.8 | ... AO121: =SUM(AO90:AO120) -> 237.5 | AQ121: Jlh | AR121: =SUM(AR90:AR120) -> 218.47227 | AS121: =SUM(AS90:AS120) -> 124.54926 | AT121: =SUM(AT90:AT120) -> 89.046457 | AU121: =SUM(AU90:AU120) -> 40.151857 | AV121: =SUM(AV90:AV120) -> 112.36044 | AW121: =SUM(AW90:AW120) -> 79.979909 | AX121: =SUM(AX90:AX120) -> 45.656547 | AY121: =SUM(AY90:AY120) -> 28.550336 | ... BC121: =SUM(BC90:BC120) -> 256.76642 | BE121: Jlh | BF121: =SUM(BF90:BF120) -> 219.66097 | BG121: =SUM(BG90:BG120) -> 127.21787 | BH121: =SUM(BH90:BH120) -> 101.01816 | BI121: =SUM(BI90:BI120) -> 45.550005 | BJ121: =SUM(BJ90:BJ120) -> 127.46655 | BK121: =SUM(BK90:BK120) -> 90.732671 | BL121: =SUM(BL90:BL120) -> 51.794763 | BM121: =SUM(BM90:BM120) -> 29.995646 | ... BQ121: =SUM(BQ90:BQ120) -> 259.35666
A122: R maks | B122: =MAX(B90:B120) -> 52.958855 | C122: =MAX(C90:C120) -> 26.858065 | D122: =MAX(D90:D120) -> 44.987258 | E122: =MAX(E90:E120) -> 24.172258 | F122: =MAX(F90:F120) -> 43.644355 | G122: =MAX(G90:G120) -> 53.044678 | H122: =MAX(H90:H120) -> 26.858065 | I122: =MAX(I90:I120) -> 12.757581 | ... M122: =MAX(M90:M120) -> 50.373839 | O122: R maks | P122: =MAX(P90:P120) -> 57 | Q122: =MAX(Q90:Q120) -> 40 | R122: =MAX(R90:R120) -> 67 | S122: =MAX(S90:S120) -> 36 | T122: =MAX(T90:T120) -> 65 | U122: =MAX(U90:U120) -> 79 | V122: =MAX(V90:V120) -> 40 | W122: =MAX(W90:W120) -> 19 | ... AA122: =MAX(AA90:AA120) -> 52 | AC122: R maks | AD122: =MAX(AD90:AD120) -> 44.7 | AE122: =MAX(AE90:AE120) -> 43.8 | AF122: =MAX(AF90:AF120) -> 0 | AG122: =MAX(AG90:AG120) -> 0 | AH122: =MAX(AH90:AH120) -> 0 | AI122: =MAX(AI90:AI120) -> 0 | AJ122: =MAX(AJ90:AJ120) -> 0 | AK122: =MAX(AK90:AK120) -> 17.8 | ... AO122: =MAX(AO90:AO120) -> 63.4 | AQ122: R maks | AR122: =MAX(AR90:AR120) -> 48.682805 | AS122: =MAX(AS90:AS120) -> 29.617328 | AT122: =MAX(AT90:AT120) -> 21.694955 | AU122: =MAX(AU90:AU120) -> 11.656991 | AV122: =MAX(AV90:AV120) -> 21.047344 | AW122: =MAX(AW90:AW120) -> 25.580619 | AX122: =MAX(AX90:AX120) -> 12.952212 | AY122: =MAX(AY90:AY120) -> 12.683876 | ... BC122: =MAX(BC90:BC120) -> 57.118177 | BE122: R maks | BF122: =MAX(BF90:BF120) -> 49.218267 | BG122: =MAX(BG90:BG120) -> 27.710563 | BH122: =MAX(BH90:BH120) -> 24.611696 | BI122: =MAX(BI90:BI120) -> 13.224195 | BJ122: =MAX(BJ90:BJ120) -> 23.877019 | BK122: =MAX(BK90:BK120) -> 29.019761 | BL122: =MAX(BL90:BL120) -> 14.69355 | BM122: =MAX(BM90:BM120) -> 11.996048 | ... BQ122: =MAX(BQ90:BQ120) -> 56.273628
A123: I | B123: =SUM(B90:B104) -> 66.384048 | C123: =SUM(C90:C104) -> 106.24434 | D123: =SUM(D90:D104) -> 71.845323 | E123: =SUM(E90:E104) -> 68.488065 | F123: =SUM(F90:F104) -> 126.2329 | G123: =SUM(G90:G104) -> 161.81984 | H123: =SUM(H90:H104) -> 0 | I123: =SUM(I90:I104) -> 14.100484 | ... M123: =SUM(M90:M104) -> 214.10048 | O123: I | P123: =SUM(P90:P104) -> 63 | Q123: =SUM(Q90:Q104) -> 107 | R123: =SUM(R90:R104) -> 107 | S123: =SUM(S90:S104) -> 102 | T123: =SUM(T90:T104) -> 188 | U123: =SUM(U90:U104) -> 241 | V123: =SUM(V90:V104) -> 0 | W123: =SUM(W90:W104) -> 21 | ... AA123: =SUM(AA90:AA104) -> 221 | AC123: I | AD123: =SUM(AD90:AD104) -> 73.3 | AE123: =SUM(AE90:AE104) -> 104.7 | AF123: =SUM(AF90:AF104) -> 0 | AG123: =SUM(AG90:AG104) -> 0 | AH123: =SUM(AH90:AH104) -> 0 | AI123: =SUM(AI90:AI104) -> 0 | AJ123: =SUM(AJ90:AJ104) -> 0 | AK123: =SUM(AK90:AK104) -> 0 | ... AO123: =SUM(AO90:AO104) -> 200 | AQ123: I | AR123: =SUM(AR90:AR104) -> 69.964805 | AS123: =SUM(AS90:AS104) -> 105.44475 | AT123: =SUM(AT90:AT104) -> 34.647167 | AU123: =SUM(AU90:AU104) -> 33.028141 | AV123: =SUM(AV90:AV104) -> 60.875396 | AW123: =SUM(AW90:AW104) -> 78.037077 | AX123: =SUM(AX90:AX104) -> 0 | AY123: =SUM(AY90:AY104) -> 6.7999113 | ... BC123: =SUM(BC90:BC104) -> 206.79991 | BE123: I | BF123: =SUM(BF90:BF104) -> 69.516411 | BG123: =SUM(BG90:BG104) -> 105.54488 | BH123: =SUM(BH90:BH104) -> 39.305246 | BI123: =SUM(BI90:BI104) -> 37.468552 | BJ123: =SUM(BJ90:BJ104) -> 69.059685 | BK123: =SUM(BK90:BK104) -> 88.528638 | BL123: =SUM(BL90:BL104) -> 0 | BM123: =SUM(BM90:BM104) -> 7.7141137 | ... BQ123: =SUM(BQ90:BQ104) -> 207.71411
A124: II | B124: =SUM(B105:B120) -> 161.58087 | C124: =SUM(C105:C120) -> 39.615645 | D124: =SUM(D105:D120) -> 112.80387 | E124: =SUM(E105:E120) -> 14.771936 | F124: =SUM(F105:F120) -> 106.76081 | G124: =SUM(G105:G120) -> 4.0287097 | H124: =SUM(H105:H120) -> 94.674678 | I124: =SUM(I105:I120) -> 25.99171 | ... M124: =SUM(M105:M120) -> 63.350887 | O124: II | P124: =SUM(P105:P120) -> 174 | Q124: =SUM(Q105:Q120) -> 59 | R124: =SUM(R105:R120) -> 168 | S124: =SUM(S105:S120) -> 22 | T124: =SUM(T105:T120) -> 159 | U124: =SUM(U105:U120) -> 6 | V124: =SUM(V105:V120) -> 141 | W124: =SUM(W105:W120) -> 30 | ... AA124: =SUM(AA105:AA120) -> 76 | AC124: II | AD124: =SUM(AD105:AD120) -> 136.3 | AE124: =SUM(AE105:AE120) -> 0 | AF124: =SUM(AF105:AF120) -> 0 | AG124: =SUM(AG105:AG120) -> 0 | AH124: =SUM(AH105:AH120) -> 0 | AI124: =SUM(AI105:AI120) -> 0 | AJ124: =SUM(AJ105:AJ120) -> 0 | AK124: =SUM(AK105:AK120) -> 17.8 | ... AO124: =SUM(AO105:AO120) -> 37.5 | AQ124: II | AR124: =SUM(AR105:AR120) -> 148.50746 | AS124: =SUM(AS105:AS120) -> 19.104513 | AT124: =SUM(AT105:AT120) -> 54.39929 | AU124: =SUM(AU105:AU120) -> 7.1237166 | AV124: =SUM(AV105:AV120) -> 51.485043 | AW124: =SUM(AW105:AW120) -> 1.9428318 | AX124: =SUM(AX105:AX120) -> 45.656547 | AY124: =SUM(AY105:AY120) -> 21.750425 | ... BC124: =SUM(BC105:BC120) -> 49.966504 | BE124: II | BF124: =SUM(BF105:BF120) -> 150.14456 | BG124: =SUM(BG105:BG120) -> 21.672986 | BH124: =SUM(BH105:BH120) -> 61.71291 | BI124: =SUM(BI105:BI120) -> 8.0814525 | BJ124: =SUM(BJ105:BJ120) -> 58.406861 | BK124: =SUM(BK105:BK120) -> 2.2040325 | BL124: =SUM(BL105:BL120) -> 51.794763 | BM124: =SUM(BM105:BM120) -> 22.281533 | ... BQ124: =SUM(BQ105:BQ120) -> 51.642542
A125: HH | B125: =COUNTIF(B92:B122,">0") -> 19 | C125: =COUNTIF(C92:C122,">0") -> 15 | D125: =COUNTIF(D92:D122,">0") -> 12 | E125: =COUNTIF(E92:E122,">0") -> 11 | F125: =COUNTIF(F92:F122,">0") -> 15 | G125: =COUNTIF(G92:G122,">0") -> 11 | H125: =COUNTIF(H92:H122,">0") -> 8 | I125: =COUNTIF(I92:I122,">0") -> 7 | ... M125: =COUNTIF(M92:M122,">0") -> 22 | O125: HH | P125: =COUNTIF(P90:P120,">0") -> 15 | Q125: =COUNTIF(Q90:Q120,">0") -> 13 | R125: =COUNTIF(R90:R120,">0") -> 12 | S125: =COUNTIF(S90:S120,">0") -> 10 | T125: =COUNTIF(T90:T120,">0") -> 15 | U125: =COUNTIF(U90:U120,">0") -> 10 | V125: =COUNTIF(V90:V120,">0") -> 6 | W125: =COUNTIF(W90:W120,">0") -> 6 | ... AA125: =COUNTIF(AA90:AA120,">0") -> 13 | AC125: HH | AD125: =COUNTIF(AD90:AD120,">0") -> 17 | AE125: =COUNTIF(AE90:AE120,">0") -> 5 | AF125: =COUNTIF(AF90:AF120,">0") -> 0 | AG125: =COUNTIF(AG90:AG120,">0") -> 0 | AH125: =COUNTIF(AH90:AH120,">0") -> 0 | AI125: =COUNTIF(AI90:AI120,">0") -> 0 | AJ125: =COUNTIF(AJ90:AJ120,">0") -> 0 | AK125: =COUNTIF(AK90:AK120,">0") -> 1 | ... AO125: =COUNTIF(AO90:AO120,">0") -> 21 | AQ125: HH | AR125: =COUNTIF(AR90:AR120,">0") -> 20 | AS125: =COUNTIF(AS90:AS120,">0") -> 15 | AT125: =COUNTIF(AT90:AT120,">0") -> 12 | AU125: =COUNTIF(AU90:AU120,">0") -> 10 | AV125: =COUNTIF(AV90:AV120,">0") -> 15 | AW125: =COUNTIF(AW90:AW120,">0") -> 10 | AX125: =COUNTIF(AX90:AX120,">0") -> 6 | AY125: =COUNTIF(AY90:AY120,">0") -> 6 | ... BC125: =COUNTIF(BC90:BC120,">0") -> 22 | BE125: HH | BF125: =COUNTIF(BF90:BF120,">0") -> 20 | BG125: =COUNTIF(BG90:BG120,">0") -> 15 | BH125: =COUNTIF(BH90:BH120,">0") -> 12 | BI125: =COUNTIF(BI90:BI120,">0") -> 10 | BJ125: =COUNTIF(BJ90:BJ120,">0") -> 15 | BK125: =COUNTIF(BK90:BK120,">0") -> 10 | BL125: =COUNTIF(BL90:BL120,">0") -> 6 | BM125: =COUNTIF(BM90:BM120,">0") -> 6 | ... BQ125: =COUNTIF(BQ90:BQ120,">0") -> 22
A127: Tahun 2016 | O127: Tahun 2016 | AC127: Tahun 2016 | AQ127: Tahun 2016 | BE127: Tahun 2016
B128: Bulan | P128: Bulan | AD128: Bulan | AR128: Bulan | BF128: Bulan
B129: Jan | C129: Feb | D129: Mar | E129: Apr | F129: Mei | G129: Jun | H129: Jul | I129: Agt | J129: Sept | K129: Okt | L129: Nov | M129: Des | P129: Jan | Q129: Feb | R129: Mar | S129: Apr | T129: Mei | U129: Jun | V129: Jul | W129: Agt | X129: Sept | Y129: Okt | Z129: Nov | AA129: Des | AD129: Jan | AE129: Feb | AF129: Mar | AG129: Apr | AH129: Mei | AI129: Jun | AJ129: Jul | AK129: Agt | AL129: Sept | AM129: Okt | AN129: Nov | AO129: Des | AR129: Jan | AS129: Feb | AT129: Mar | AU129: Apr | AV129: Mei | AW129: Jun | AX129: Jul | AY129: Agt | AZ129: Sept | BA129: Okt | BB129: Nov | BC129: Des | BF129: Jan | BG129: Feb | BH129: Mar | BI129: Apr | BJ129: Mei | BK129: Jun | BL129: Jul | BM129: Agt | BN129: Sept | BO129: Okt | BP129: Nov | BQ129: Des
A130: 1 | B130: =IF('Data 2'!B130<0.1,0,'Data 2'!B130) -> 17.78629 | C130: =IF('Data 2'!C130<0.1,0,'Data 2'!C130) -> 4.0287097 | D130: =IF('Data 2'!D130<0.1,0,'Data 2'!D130) -> 23.229984 | E130: =IF('Data 2'!E130<0.1,0,'Data 2'!E130) -> 0 | F130: =IF('Data 2'!F130<0.1,0,'Data 2'!F130) -> 29.145774 | G130: =IF('Data 2'!G130<0.1,0,'Data 2'!G130) -> 4.3572581 | H130: =IF('Data 2'!H130<0.1,0,'Data 2'!H130) -> 0 | I130: =IF('Data 2'!I130<0.1,0,'Data 2'!I130) -> 0 | ... M130: =IF('Data 2'!M130<0.1,0,'Data 2'!M130) -> 18.813081 | O130: 1 | P130: ='Stasiun Pontianak Kota'!Q184 -> 26 | Q130: ='Stasiun Pontianak Kota'!R184 -> 6 | R130: ='Stasiun Pontianak Kota'!S184 -> 23 | S130: ='Stasiun Pontianak Kota'!T184 -> 0 | T130: ='Stasiun Pontianak Kota'!U184 -> 30 | U130: ='Stasiun Pontianak Kota'!V184 -> 6 | V130: ='Stasiun Pontianak Kota'!W184 -> 0 | W130: ='Stasiun Pontianak Kota'!X184 -> 0 | ... AA130: ='Stasiun Pontianak Kota'!AB184 -> 22 | AC130: 1 | AD130: ='Sta. Meteorologi pnk'!B143 -> 1 | AE130: ='Sta. Meteorologi pnk'!C143 -> 0 | AF130: ='Sta. Meteorologi pnk'!D143 -> 23.7 | AG130: ='Sta. Meteorologi pnk'!E143 -> 0 | AH130: ='Sta. Meteorologi pnk'!F143 -> 27.4 | AI130: ='Sta. Meteorologi pnk'!G143 -> 1 | AJ130: ='Sta. Meteorologi pnk'!H143 -> 0 | AK130: ='Sta. Meteorologi pnk'!I143 -> 0 | ... AO130: ='Sta. Meteorologi pnk'!M143 -> 12.3 | AQ130: 1 | AR130: =((P130/($AV$1^2))+(AD130/($AV$2^2)))/((1/($AV$1^2))+(1/($AV$2^2))) -> 9.0951325 | AS130: =((Q130/($AV$1^2))+(AE130/($AV$2^2)))/((1/($AV$1^2))+(1/($AV$2^2))) -> 1.9428318 | AT130: =((R130/($AV$1^2))+(AF130/($AV$2^2)))/((1/($AV$1^2))+(1/($AV$2^2))) -> 23.473336 | AU130: =((S130/($AV$1^2))+(AG130/($AV$2^2)))/((1/($AV$1^2))+(1/($AV$2^2))) -> 0 | AV130: =((T130/($AV$1^2))+(AH130/($AV$2^2)))/((1/($AV$1^2))+(1/($AV$2^2))) -> 28.241894 | AW130: =((U130/($AV$1^2))+(AI130/($AV$2^2)))/((1/($AV$1^2))+(1/($AV$2^2))) -> 2.6190265 | AX130: =((V130/($AV$1^2))+(AJ130/($AV$2^2)))/((1/($AV$1^2))+(1/($AV$2^2))) -> 0 | AY130: =((W130/($AV$1^2))+(AK130/($AV$2^2)))/((1/($AV$1^2))+(1/($AV$2^2))) -> 0 | ... BC130: =((AA130/($AV$1^2))+(AO130/($AV$2^2)))/((1/($AV$1^2))+(1/($AV$2^2))) -> 15.440911 | BE130: 1 | BF130: =((B130/($BI$1^2))+(P130/($AV$1^2))+(AD130/($AV$2^2)))/((1/($BI$1^2))+(1/($AV$1^2))+(1/($AV$2^2))) -> 10.183469 | BG130: =((C130/($BI$1^2))+(Q130/($AV$1^2))+(AE130/($AV$2^2)))/((1/($BI$1^2))+(1/($AV$1^2))+(1/($AV$2^2))) -> 2.2040325 | BH130: =((D130/($BI$1^2))+(R130/($AV$1^2))+(AF130/($AV$2^2)))/((1/($BI$1^2))+(1/($AV$1^2))+(1/($AV$2^2))) -> 23.442863 | BI130: =((E130/($BI$1^2))+(S130/($AV$1^2))+(AG130/($AV$2^2)))/((1/($BI$1^2))+(1/($AV$1^2))+(1/($AV$2^2))) -> 0 | BJ130: =((F130/($BI$1^2))+(T130/($AV$1^2))+(AH130/($AV$2^2)))/((1/($BI$1^2))+(1/($AV$1^2))+(1/($AV$2^2))) -> 28.355081 | BK130: =((G130/($BI$1^2))+(U130/($AV$1^2))+(AI130/($AV$2^2)))/((1/($BI$1^2))+(1/($AV$1^2))+(1/($AV$2^2))) -> 2.8366937 | BL130: =((H130/($BI$1^2))+(V130/($AV$1^2))+(AJ130/($AV$2^2)))/((1/($BI$1^2))+(1/($AV$1^2))+(1/($AV$2^2))) -> 0 | BM130: =((I130/($BI$1^2))+(W130/($AV$1^2))+(AK130/($AV$2^2)))/((1/($BI$1^2))+(1/($AV$1^2))+(1/($AV$2^2))) -> 0 | ... BQ130: =((M130/($BI$1^2))+(AA130/($AV$1^2))+(AO130/($AV$2^2)))/((1/($BI$1^2))+(1/($AV$1^2))+(1/($AV$2^2))) -> 15.863186
A131: 2 | B131: =IF('Data 2'!B131<0.1,0,'Data 2'!B131) -> 60.063178 | C131: =IF('Data 2'!C131<0.1,0,'Data 2'!C131) -> 9.289629 | D131: =IF('Data 2'!D131<0.1,0,'Data 2'!D131) -> 34.312274 | E131: =IF('Data 2'!E131<0.1,0,'Data 2'!E131) -> 9.8111613 | F131: =IF('Data 2'!F131<0.1,0,'Data 2'!F131) -> 0 | G131: =IF('Data 2'!G131<0.1,0,'Data 2'!G131) -> 2.0143548 | H131: =IF('Data 2'!H131<0.1,0,'Data 2'!H131) -> 0 | I131: =IF('Data 2'!I131<0.1,0,'Data 2'!I131) -> 0 | ... M131: =IF('Data 2'!M131<0.1,0,'Data 2'!M131) -> 37.305903 | O131: 2 | P131: ='Stasiun Pontianak Kota'!Q185 -> 85 | Q131: ='Stasiun Pontianak Kota'!R185 -> 4 | R131: ='Stasiun Pontianak Kota'!S185 -> 26 | S131: ='Stasiun Pontianak Kota'!T185 -> 6 | T131: ='Stasiun Pontianak Kota'!U185 -> 0 | U131: ='Stasiun Pontianak Kota'!V185 -> 3 | V131: ='Stasiun Pontianak Kota'!W185 -> 0 | W131: ='Stasiun Pontianak Kota'!X185 -> 0 | ... AA131: ='Stasiun Pontianak Kota'!AB185 -> 40 | AC131: 2 | AD131: ='Sta. Meteorologi pnk'!B144 -> 9.1 | AE131: ='Sta. Meteorologi pnk'!C144 -> 20.1 | AF131: ='Sta. Meteorologi pnk'!D144 -> 51.3 | AG131: ='Sta. Meteorologi pnk'!E144 -> 17.6 | AH131: ='Sta. Meteorologi pnk'!F144 -> 0 | AI131: ='Sta. Meteorologi pnk'!G144 -> 0 | AJ131: ='Sta. Meteorologi pnk'!H144 -> 0 | AK131: ='Sta. Meteorologi pnk'!I144 -> 0 | ... AO131: ='Sta. Meteorologi pnk'!M144 -> 31.8 | AQ131: 2 | AR131: =((P131/($AV$1^2))+(AD131/($AV$2^2)))/((1/($AV$1^2))+(1/($AV$2^2))) -> 33.676822 | AS131: =((Q131/($AV$1^2))+(AE131/($AV$2^2)))/((1/($AV$1^2))+(1/($AV$2^2))) -> 14.886735 | AT131: =((R131/($AV$1^2))+(AF131/($AV$2^2)))/((1/($AV$1^2))+(1/($AV$2^2))) -> 43.107726 | AU131: =((S131/($AV$1^2))+(AG131/($AV$2^2)))/((1/($AV$1^2))+(1/($AV$2^2))) -> 13.843859 | AV131: =((T131/($AV$1^2))+(AH131/($AV$2^2)))/((1/($AV$1^2))+(1/($AV$2^2))) -> 0 | AW131: =((U131/($AV$1^2))+(AI131/($AV$2^2)))/((1/($AV$1^2))+(1/($AV$2^2))) -> 0.9714159 | AX131: =((V131/($AV$1^2))+(AJ131/($AV$2^2)))/((1/($AV$1^2))+(1/($AV$2^2))) -> 0 | AY131: =((W131/($AV$1^2))+(AK131/($AV$2^2)))/((1/($AV$1^2))+(1/($AV$2^2))) -> 0 | ... BC131: =((AA131/($AV$1^2))+(AO131/($AV$2^2)))/((1/($AV$1^2))+(1/($AV$2^2))) -> 34.455203 | BE131: 2 | BF131: =((B131/($BI$1^2))+(P131/($AV$1^2))+(AD131/($AV$2^2)))/((1/($BI$1^2))+(1/($AV$1^2))+(1/($AV$2^2))) -> 36.981011 | BG131: =((C131/($BI$1^2))+(Q131/($AV$1^2))+(AE131/($AV$2^2)))/((1/($BI$1^2))+(1/($AV$1^2))+(1/($AV$2^2))) -> 14.185846 | BH131: =((D131/($BI$1^2))+(R131/($AV$1^2))+(AF131/($AV$2^2)))/((1/($BI$1^2))+(1/($AV$1^2))+(1/($AV$2^2))) -> 42.00633 | BI131: =((E131/($BI$1^2))+(S131/($AV$1^2))+(AG131/($AV$2^2)))/((1/($BI$1^2))+(1/($AV$1^2))+(1/($AV$2^2))) -> 13.338871 | BJ131: =((F131/($BI$1^2))+(T131/($AV$1^2))+(AH131/($AV$2^2)))/((1/($BI$1^2))+(1/($AV$1^2))+(1/($AV$2^2))) -> 0 | BK131: =((G131/($BI$1^2))+(U131/($AV$1^2))+(AI131/($AV$2^2)))/((1/($BI$1^2))+(1/($AV$1^2))+(1/($AV$2^2))) -> 1.1020162 | BL131: =((H131/($BI$1^2))+(V131/($AV$1^2))+(AJ131/($AV$2^2)))/((1/($BI$1^2))+(1/($AV$1^2))+(1/($AV$2^2))) -> 0 | BM131: =((I131/($BI$1^2))+(W131/($AV$1^2))+(AK131/($AV$2^2)))/((1/($BI$1^2))+(1/($AV$1^2))+(1/($AV$2^2))) -> 0 | ... BQ131: =((M131/($BI$1^2))+(AA131/($AV$1^2))+(AO131/($AV$2^2)))/((1/($BI$1^2))+(1/($AV$1^2))+(1/($AV$2^2))) -> 34.812178
A132: 3 | B132: =IF('Data 2'!B132<0.1,0,'Data 2'!B132) -> 26.026484 | C132: =IF('Data 2'!C132<0.1,0,'Data 2'!C132) -> 4.2258387 | D132: =IF('Data 2'!D132<0.1,0,'Data 2'!D132) -> 4.6385968 | E132: =IF('Data 2'!E132<0.1,0,'Data 2'!E132) -> 1.3141935 | F132: =IF('Data 2'!F132<0.1,0,'Data 2'!F132) -> 5.4826129 | G132: =IF('Data 2'!G132<0.1,0,'Data 2'!G132) -> 1.802871 | H132: =IF('Data 2'!H132<0.1,0,'Data 2'!H132) -> 0 | I132: =IF('Data 2'!I132<0.1,0,'Data 2'!I132) -> 0 | ... M132: =IF('Data 2'!M132<0.1,0,'Data 2'!M132) -> 4.1457742 | O132: 3 | P132: ='Stasiun Pontianak Kota'!Q186 -> 37 | Q132: ='Stasiun Pontianak Kota'!R186 -> 6 | R132: ='Stasiun Pontianak Kota'!S186 -> 5 | S132: ='Stasiun Pontianak Kota'!T186 -> 0 | T132: ='Stasiun Pontianak Kota'!U186 -> 2 | U132: ='Stasiun Pontianak Kota'!V186 -> 2 | V132: ='Stasiun Pontianak Kota'!W186 -> 0 | W132: ='Stasiun Pontianak Kota'!X186 -> 0 | ... AA132: ='Stasiun Pontianak Kota'!AB186 -> 5 | AC132: 3 | AD132: ='Sta. Meteorologi pnk'!B145 -> 3.6 | AE132: ='Sta. Meteorologi pnk'!C145 -> 0.6 | AF132: ='Sta. Meteorologi pnk'!D145 -> 3.9 | AG132: ='Sta. Meteorologi pnk'!E145 -> 4 | AH132: ='Sta. Meteorologi pnk'!F145 -> 12.6 | AI132: ='Sta. Meteorologi pnk'!G145 -> 1.4 | AJ132: ='Sta. Meteorologi pnk'!H145 -> 0 | AK132: ='Sta. Meteorologi pnk'!I145 -> 0 | ... AO132: ='Sta. Meteorologi pnk'!M145 -> 2.4 | AQ132: 3 | AR132: =((P132/($AV$1^2))+(AD132/($AV$2^2)))/((1/($AV$1^2))+(1/($AV$2^2))) -> 14.415097 | AS132: =((Q132/($AV$1^2))+(AE132/($AV$2^2)))/((1/($AV$1^2))+(1/($AV$2^2))) -> 2.3485486 | AT132: =((R132/($AV$1^2))+(AF132/($AV$2^2)))/((1/($AV$1^2))+(1/($AV$2^2))) -> 4.2561858 | AU132: =((S132/($AV$1^2))+(AG132/($AV$2^2)))/((1/($AV$1^2))+(1/($AV$2^2))) -> 2.7047788 | AV132: =((T132/($AV$1^2))+(AH132/($AV$2^2)))/((1/($AV$1^2))+(1/($AV$2^2))) -> 9.1676638 | AW132: =((U132/($AV$1^2))+(AI132/($AV$2^2)))/((1/($AV$1^2))+(1/($AV$2^2))) -> 1.5942832 | AX132: =((V132/($AV$1^2))+(AJ132/($AV$2^2)))/((1/($AV$1^2))+(1/($AV$2^2))) -> 0 | AY132: =((W132/($AV$1^2))+(AK132/($AV$2^2)))/((1/($AV$1^2))+(1/($AV$2^2))) -> 0 | ... BC132: =((AA132/($AV$1^2))+(AO132/($AV$2^2)))/((1/($AV$1^2))+(1/($AV$2^2))) -> 3.2418938 | BE132: 3 | BF132: =((B132/($BI$1^2))+(P132/($AV$1^2))+(AD132/($AV$2^2)))/((1/($BI$1^2))+(1/($AV$1^2))+(1/($AV$2^2))) -> 15.869114 | BG132: =((C132/($BI$1^2))+(Q132/($AV$1^2))+(AE132/($AV$2^2)))/((1/($BI$1^2))+(1/($AV$1^2))+(1/($AV$2^2))) -> 2.5836292 | BH132: =((D132/($BI$1^2))+(R132/($AV$1^2))+(AF132/($AV$2^2)))/((1/($BI$1^2))+(1/($AV$1^2))+(1/($AV$2^2))) -> 4.3040726 | BI132: =((E132/($BI$1^2))+(S132/($AV$1^2))+(AG132/($AV$2^2)))/((1/($BI$1^2))+(1/($AV$1^2))+(1/($AV$2^2))) -> 2.530645 | BJ132: =((F132/($BI$1^2))+(T132/($AV$1^2))+(AH132/($AV$2^2)))/((1/($BI$1^2))+(1/($AV$1^2))+(1/($AV$2^2))) -> 8.7062093 | BK132: =((G132/($BI$1^2))+(U132/($AV$1^2))+(AI132/($AV$2^2)))/((1/($BI$1^2))+(1/($AV$1^2))+(1/($AV$2^2))) -> 1.6204032 | BL132: =((H132/($BI$1^2))+(V132/($AV$1^2))+(AJ132/($AV$2^2)))/((1/($BI$1^2))+(1/($AV$1^2))+(1/($AV$2^2))) -> 0 | BM132: =((I132/($BI$1^2))+(W132/($AV$1^2))+(AK132/($AV$2^2)))/((1/($BI$1^2))+(1/($AV$1^2))+(1/($AV$2^2))) -> 0 | ... BQ132: =((M132/($BI$1^2))+(AA132/($AV$1^2))+(AO132/($AV$2^2)))/((1/($BI$1^2))+(1/($AV$1^2))+(1/($AV$2^2))) -> 3.3550807
A133: 4 | B133: =IF('Data 2'!B133<0.1,0,'Data 2'!B133) -> 3.4086129 | C133: =IF('Data 2'!C133<0.1,0,'Data 2'!C133) -> 8.3859678 | D133: =IF('Data 2'!D133<0.1,0,'Data 2'!D133) -> 25.768097 | E133: =IF('Data 2'!E133<0.1,0,'Data 2'!E133) -> 4.3470484 | F133: =IF('Data 2'!F133<0.1,0,'Data 2'!F133) -> 23.544177 | G133: =IF('Data 2'!G133<0.1,0,'Data 2'!G133) -> 2.6858065 | H133: =IF('Data 2'!H133<0.1,0,'Data 2'!H133) -> 0 | I133: =IF('Data 2'!I133<0.1,0,'Data 2'!I133) -> 0 | ... M133: =IF('Data 2'!M133<0.1,0,'Data 2'!M133) -> 4.3696935 | O133: 4 | P133: ='Stasiun Pontianak Kota'!Q187 -> 4 | Q133: ='Stasiun Pontianak Kota'!R187 -> 12 | R133: ='Stasiun Pontianak Kota'!S187 -> 19 | S133: ='Stasiun Pontianak Kota'!T187 -> 3 | T133: ='Stasiun Pontianak Kota'!U187 -> 22 | U133: ='Stasiun Pontianak Kota'!V187 -> 4 | V133: ='Stasiun Pontianak Kota'!W187 -> 0 | W133: ='Stasiun Pontianak Kota'!X187 -> 0 | ... AA133: ='Stasiun Pontianak Kota'!AB187 -> 0 | AC133: 4 | AD133: ='Sta. Meteorologi pnk'!B146 -> 2.2 | AE133: ='Sta. Meteorologi pnk'!C146 -> 1 | AF133: ='Sta. Meteorologi pnk'!D146 -> 39.6 | AG133: ='Sta. Meteorologi pnk'!E146 -> 7.1 | AH133: ='Sta. Meteorologi pnk'!F146 -> 26.7 | AI133: ='Sta. Meteorologi pnk'!G146 -> 0 | AJ133: ='Sta. Meteorologi pnk'!H146 -> 0 | AK133: ='Sta. Meteorologi pnk'!I146 -> 0 | ... AO133: ='Sta. Meteorologi pnk'!M146 -> 13.3 | AQ133: 4 | AR133: =((P133/($AV$1^2))+(AD133/($AV$2^2)))/((1/($AV$1^2))+(1/($AV$2^2))) -> 2.7828495 | AS133: =((Q133/($AV$1^2))+(AE133/($AV$2^2)))/((1/($AV$1^2))+(1/($AV$2^2))) -> 4.5618583 | AT133: =((R133/($AV$1^2))+(AF133/($AV$2^2)))/((1/($AV$1^2))+(1/($AV$2^2))) -> 32.929611 | AU133: =((S133/($AV$1^2))+(AG133/($AV$2^2)))/((1/($AV$1^2))+(1/($AV$2^2))) -> 5.7723983 | AV133: =((T133/($AV$1^2))+(AH133/($AV$2^2)))/((1/($AV$1^2))+(1/($AV$2^2))) -> 25.178115 | AW133: =((U133/($AV$1^2))+(AI133/($AV$2^2)))/((1/($AV$1^2))+(1/($AV$2^2))) -> 1.2952212 | AX133: =((V133/($AV$1^2))+(AJ133/($AV$2^2)))/((1/($AV$1^2))+(1/($AV$2^2))) -> 0 | AY133: =((W133/($AV$1^2))+(AK133/($AV$2^2)))/((1/($AV$1^2))+(1/($AV$2^2))) -> 0 | ... BC133: =((AA133/($AV$1^2))+(AO133/($AV$2^2)))/((1/($AV$1^2))+(1/($AV$2^2))) -> 8.9933895 | BE133: 4 | BF133: =((B133/($BI$1^2))+(P133/($AV$1^2))+(AD133/($AV$2^2)))/((1/($BI$1^2))+(1/($AV$1^2))+(1/($AV$2^2))) -> 2.8612097 | BG133: =((C133/($BI$1^2))+(Q133/($AV$1^2))+(AE133/($AV$2^2)))/((1/($BI$1^2))+(1/($AV$1^2))+(1/($AV$2^2))) -> 5.0407262 | BH133: =((D133/($BI$1^2))+(R133/($AV$1^2))+(AF133/($AV$2^2)))/((1/($BI$1^2))+(1/($AV$1^2))+(1/($AV$2^2))) -> 32.032822 | BI133: =((E133/($BI$1^2))+(S133/($AV$1^2))+(AG133/($AV$2^2)))/((1/($BI$1^2))+(1/($AV$1^2))+(1/($AV$2^2))) -> 5.5939111 | BJ133: =((F133/($BI$1^2))+(T133/($AV$1^2))+(AH133/($AV$2^2)))/((1/($BI$1^2))+(1/($AV$1^2))+(1/($AV$2^2))) -> 24.973508 | BK133: =((G133/($BI$1^2))+(U133/($AV$1^2))+(AI133/($AV$2^2)))/((1/($BI$1^2))+(1/($AV$1^2))+(1/($AV$2^2))) -> 1.469355 | BL133: =((H133/($BI$1^2))+(V133/($AV$1^2))+(AJ133/($AV$2^2)))/((1/($BI$1^2))+(1/($AV$1^2))+(1/($AV$2^2))) -> 0 | BM133: =((I133/($BI$1^2))+(W133/($AV$1^2))+(AK133/($AV$2^2)))/((1/($BI$1^2))+(1/($AV$1^2))+(1/($AV$2^2))) -> 0 | ... BQ133: =((M133/($BI$1^2))+(AA133/($AV$1^2))+(AO133/($AV$2^2)))/((1/($BI$1^2))+(1/($AV$1^2))+(1/($AV$2^2))) -> 8.4143946
A134: 5 | B134: =IF('Data 2'!B134<0.1,0,'Data 2'!B134) -> 0 | C134: =IF('Data 2'!C134<0.1,0,'Data 2'!C134) -> 16.626161 | D134: =IF('Data 2'!D134<0.1,0,'Data 2'!D134) -> 5.0328548 | E134: =IF('Data 2'!E134<0.1,0,'Data 2'!E134) -> 28.694097 | F134: =IF('Data 2'!F134<0.1,0,'Data 2'!F134) -> 0 | G134: =IF('Data 2'!G134<0.1,0,'Data 2'!G134) -> 0 | H134: =IF('Data 2'!H134<0.1,0,'Data 2'!H134) -> 0 | I134: =IF('Data 2'!I134<0.1,0,'Data 2'!I134) -> 1.4086129 | ... M134: =IF('Data 2'!M134<0.1,0,'Data 2'!M134) -> 24.135564 | O134: 5 | P134: ='Stasiun Pontianak Kota'!Q188 -> 0 | Q134: ='Stasiun Pontianak Kota'!R188 -> 23 | R134: ='Stasiun Pontianak Kota'!S188 -> 5 | S134: ='Stasiun Pontianak Kota'!T188 -> 26 | T134: ='Stasiun Pontianak Kota'!U188 -> 0 | U134: ='Stasiun Pontianak Kota'!V188 -> 0 | V134: ='Stasiun Pontianak Kota'!W188 -> 0 | W134: ='Stasiun Pontianak Kota'!X188 -> 2 | ... AA134: ='Stasiun Pontianak Kota'!AB188 -> 22 | AC134: 5 | AD134: ='Sta. Meteorologi pnk'!B147 -> 0 | AE134: ='Sta. Meteorologi pnk'!C147 -> 3.6 | AF134: ='Sta. Meteorologi pnk'!D147 -> 5.1 | AG134: ='Sta. Meteorologi pnk'!E147 -> 34.2 | AH134: ='Sta. Meteorologi pnk'!F147 -> 0 | AI134: ='Sta. Meteorologi pnk'!G147 -> 0 | AJ134: ='Sta. Meteorologi pnk'!H147 -> 0 | AK134: ='Sta. Meteorologi pnk'!I147 -> 0.2 | ... AO134: ='Sta. Meteorologi pnk'!M147 -> 28.5 | AQ134: 5 | AR134: =((P134/($AV$1^2))+(AD134/($AV$2^2)))/((1/($AV$1^2))+(1/($AV$2^2))) -> 0 | AS134: =((Q134/($AV$1^2))+(AE134/($AV$2^2)))/((1/($AV$1^2))+(1/($AV$2^2))) -> 9.8818228 | AT134: =((R134/($AV$1^2))+(AF134/($AV$2^2)))/((1/($AV$1^2))+(1/($AV$2^2))) -> 5.0676195 | AU134: =((S134/($AV$1^2))+(AG134/($AV$2^2)))/((1/($AV$1^2))+(1/($AV$2^2))) -> 31.544797 | AV134: =((T134/($AV$1^2))+(AH134/($AV$2^2)))/((1/($AV$1^2))+(1/($AV$2^2))) -> 0 | AW134: =((U134/($AV$1^2))+(AI134/($AV$2^2)))/((1/($AV$1^2))+(1/($AV$2^2))) -> 0 | AX134: =((V134/($AV$1^2))+(AJ134/($AV$2^2)))/((1/($AV$1^2))+(1/($AV$2^2))) -> 0 | AY134: =((W134/($AV$1^2))+(AK134/($AV$2^2)))/((1/($AV$1^2))+(1/($AV$2^2))) -> 0.78284954 | ... BC134: =((AA134/($AV$1^2))+(AO134/($AV$2^2)))/((1/($AV$1^2))+(1/($AV$2^2))) -> 26.395266 | BE134: 5 | BF134: =((B134/($BI$1^2))+(P134/($AV$1^2))+(AD134/($AV$2^2)))/((1/($BI$1^2))+(1/($AV$1^2))+(1/($AV$2^2))) -> 0 | BG134: =((C134/($BI$1^2))+(Q134/($AV$1^2))+(AE134/($AV$2^2)))/((1/($BI$1^2))+(1/($AV$1^2))+(1/($AV$2^2))) -> 10.726372 | BH134: =((D134/($BI$1^2))+(R134/($AV$1^2))+(AF134/($AV$2^2)))/((1/($BI$1^2))+(1/($AV$1^2))+(1/($AV$2^2))) -> 5.0632661 | BI134: =((E134/($BI$1^2))+(S134/($AV$1^2))+(AG134/($AV$2^2)))/((1/($BI$1^2))+(1/($AV$1^2))+(1/($AV$2^2))) -> 31.187822 | BJ134: =((F134/($BI$1^2))+(T134/($AV$1^2))+(AH134/($AV$2^2)))/((1/($BI$1^2))+(1/($AV$1^2))+(1/($AV$2^2))) -> 0 | BK134: =((G134/($BI$1^2))+(U134/($AV$1^2))+(AI134/($AV$2^2)))/((1/($BI$1^2))+(1/($AV$1^2))+(1/($AV$2^2))) -> 0 | BL134: =((H134/($BI$1^2))+(V134/($AV$1^2))+(AJ134/($AV$2^2)))/((1/($BI$1^2))+(1/($AV$1^2))+(1/($AV$2^2))) -> 0 | BM134: =((I134/($BI$1^2))+(W134/($AV$1^2))+(AK134/($AV$2^2)))/((1/($BI$1^2))+(1/($AV$1^2))+(1/($AV$2^2))) -> 0.86120975 | ... BQ134: =((M134/($BI$1^2))+(AA134/($AV$1^2))+(AO134/($AV$2^2)))/((1/($BI$1^2))+(1/($AV$1^2))+(1/($AV$2^2))) -> 26.112298
A135: 6 | B135: =IF('Data 2'!B135<0.1,0,'Data 2'!B135) -> 0 | C135: =IF('Data 2'!C135<0.1,0,'Data 2'!C135) -> 4.0657097 | D135: =IF('Data 2'!D135<0.1,0,'Data 2'!D135) -> 3.1869193 | E135: =IF('Data 2'!E135<0.1,0,'Data 2'!E135) -> 12.692177 | F135: =IF('Data 2'!F135<0.1,0,'Data 2'!F135) -> 14.638597 | G135: =IF('Data 2'!G135<0.1,0,'Data 2'!G135) -> 0 | H135: =IF('Data 2'!H135<0.1,0,'Data 2'!H135) -> 0 | I135: =IF('Data 2'!I135<0.1,0,'Data 2'!I135) -> 0 | ... M135: =IF('Data 2'!M135<0.1,0,'Data 2'!M135) -> 0 | O135: 6 | P135: ='Stasiun Pontianak Kota'!Q189 -> 0 | Q135: ='Stasiun Pontianak Kota'!R189 -> 4 | R135: ='Stasiun Pontianak Kota'!S189 -> 0 | S135: ='Stasiun Pontianak Kota'!T189 -> 3 | T135: ='Stasiun Pontianak Kota'!U189 -> 15 | U135: ='Stasiun Pontianak Kota'!V189 -> 0 | V135: ='Stasiun Pontianak Kota'!W189 -> 0 | W135: ='Stasiun Pontianak Kota'!X189 -> 0 | ... AA135: ='Stasiun Pontianak Kota'!AB189 -> 0 | AC135: 6 | AD135: ='Sta. Meteorologi pnk'!B148 -> 0.1 | AE135: ='Sta. Meteorologi pnk'!C148 -> 4.2 | AF135: ='Sta. Meteorologi pnk'!D148 -> 9.7 | AG135: ='Sta. Meteorologi pnk'!E148 -> 32.5 | AH135: ='Sta. Meteorologi pnk'!F148 -> 13.9 | AI135: ='Sta. Meteorologi pnk'!G148 -> 0 | AJ135: ='Sta. Meteorologi pnk'!H148 -> 0 | AK135: ='Sta. Meteorologi pnk'!I148 -> 0 | ... AO135: ='Sta. Meteorologi pnk'!M148 -> 0 | AQ135: 6 | AR135: =((P135/($AV$1^2))+(AD135/($AV$2^2)))/((1/($AV$1^2))+(1/($AV$2^2))) -> 0.06761947 | AS135: =((Q135/($AV$1^2))+(AE135/($AV$2^2)))/((1/($AV$1^2))+(1/($AV$2^2))) -> 4.1352389 | AT135: =((R135/($AV$1^2))+(AF135/($AV$2^2)))/((1/($AV$1^2))+(1/($AV$2^2))) -> 6.5590886 | AU135: =((S135/($AV$1^2))+(AG135/($AV$2^2)))/((1/($AV$1^2))+(1/($AV$2^2))) -> 22.947744 | AV135: =((T135/($AV$1^2))+(AH135/($AV$2^2)))/((1/($AV$1^2))+(1/($AV$2^2))) -> 14.256186 | AW135: =((U135/($AV$1^2))+(AI135/($AV$2^2)))/((1/($AV$1^2))+(1/($AV$2^2))) -> 0 | AX135: =((V135/($AV$1^2))+(AJ135/($AV$2^2)))/((1/($AV$1^2))+(1/($AV$2^2))) -> 0 | AY135: =((W135/($AV$1^2))+(AK135/($AV$2^2)))/((1/($AV$1^2))+(1/($AV$2^2))) -> 0 | ... BC135: =((AA135/($AV$1^2))+(AO135/($AV$2^2)))/((1/($AV$1^2))+(1/($AV$2^2))) -> 0 | BE135: 6 | BF135: =((B135/($BI$1^2))+(P135/($AV$1^2))+(AD135/($AV$2^2)))/((1/($BI$1^2))+(1/($AV$1^2))+(1/($AV$2^2))) -> 0.059151931 | BG135: =((C135/($BI$1^2))+(Q135/($AV$1^2))+(AE135/($AV$2^2)))/((1/($BI$1^2))+(1/($AV$1^2))+(1/($AV$2^2))) -> 4.1265323 | BH135: =((D135/($BI$1^2))+(R135/($AV$1^2))+(AF135/($AV$2^2)))/((1/($BI$1^2))+(1/($AV$1^2))+(1/($AV$2^2))) -> 6.1368141 | BI135: =((E135/($BI$1^2))+(S135/($AV$1^2))+(AG135/($AV$2^2)))/((1/($BI$1^2))+(1/($AV$1^2))+(1/($AV$2^2))) -> 21.663507 | BJ135: =((F135/($BI$1^2))+(T135/($AV$1^2))+(AH135/($AV$2^2)))/((1/($BI$1^2))+(1/($AV$1^2))+(1/($AV$2^2))) -> 14.304073 | BK135: =((G135/($BI$1^2))+(U135/($AV$1^2))+(AI135/($AV$2^2)))/((1/($BI$1^2))+(1/($AV$1^2))+(1/($AV$2^2))) -> 0 | BL135: =((H135/($BI$1^2))+(V135/($AV$1^2))+(AJ135/($AV$2^2)))/((1/($BI$1^2))+(1/($AV$1^2))+(1/($AV$2^2))) -> 0 | BM135: =((I135/($BI$1^2))+(W135/($AV$1^2))+(AK135/($AV$2^2)))/((1/($BI$1^2))+(1/($AV$1^2))+(1/($AV$2^2))) -> 0 | ... BQ135: =((M135/($BI$1^2))+(AA135/($AV$1^2))+(AO135/($AV$2^2)))/((1/($BI$1^2))+(1/($AV$1^2))+(1/($AV$2^2))) -> 0
A136: 7 | B136: =IF('Data 2'!B136<0.1,0,'Data 2'!B136) -> 38.856145 | C136: =IF('Data 2'!C136<0.1,0,'Data 2'!C136) -> 1.5400323 | D136: =IF('Data 2'!D136<0.1,0,'Data 2'!D136) -> 25.93429 | E136: =IF('Data 2'!E136<0.1,0,'Data 2'!E136) -> 1.3614032 | F136: =IF('Data 2'!F136<0.1,0,'Data 2'!F136) -> 45.65871 | G136: =IF('Data 2'!G136<0.1,0,'Data 2'!G136) -> 1.4784677 | H136: =IF('Data 2'!H136<0.1,0,'Data 2'!H136) -> 2.7269516 | I136: =IF('Data 2'!I136<0.1,0,'Data 2'!I136) -> 0 | ... M136: =IF('Data 2'!M136<0.1,0,'Data 2'!M136) -> 0 | O136: 7 | P136: ='Stasiun Pontianak Kota'!Q190 -> 45 | Q136: ='Stasiun Pontianak Kota'!R190 -> 2 | R136: ='Stasiun Pontianak Kota'!S190 -> 26 | S136: ='Stasiun Pontianak Kota'!T190 -> 1 | T136: ='Stasiun Pontianak Kota'!U190 -> 68 | U136: ='Stasiun Pontianak Kota'!V190 -> 0 | V136: ='Stasiun Pontianak Kota'!W190 -> 0 | W136: ='Stasiun Pontianak Kota'!X190 -> 0 | ... AA136: ='Stasiun Pontianak Kota'!AB190 -> 0 | AC136: 7 | AD136: ='Sta. Meteorologi pnk'!B149 -> 26.3 | AE136: ='Sta. Meteorologi pnk'!C149 -> 0.6 | AF136: ='Sta. Meteorologi pnk'!D149 -> 25.8 | AG136: ='Sta. Meteorologi pnk'!E149 -> 2.1 | AH136: ='Sta. Meteorologi pnk'!F149 -> 0 | AI136: ='Sta. Meteorologi pnk'!G149 -> 4.5 | AJ136: ='Sta. Meteorologi pnk'!H149 -> 8.3 | AK136: ='Sta. Meteorologi pnk'!I149 -> 0 | ... AO136: ='Sta. Meteorologi pnk'!M149 -> 0 | AQ136: 7 | AR136: =((P136/($AV$1^2))+(AD136/($AV$2^2)))/((1/($AV$1^2))+(1/($AV$2^2))) -> 32.355159 | AS136: =((Q136/($AV$1^2))+(AE136/($AV$2^2)))/((1/($AV$1^2))+(1/($AV$2^2))) -> 1.0533274 | AT136: =((R136/($AV$1^2))+(AF136/($AV$2^2)))/((1/($AV$1^2))+(1/($AV$2^2))) -> 25.864761 | AU136: =((S136/($AV$1^2))+(AG136/($AV$2^2)))/((1/($AV$1^2))+(1/($AV$2^2))) -> 1.7438142 | AV136: =((T136/($AV$1^2))+(AH136/($AV$2^2)))/((1/($AV$1^2))+(1/($AV$2^2))) -> 22.01876 | AW136: =((U136/($AV$1^2))+(AI136/($AV$2^2)))/((1/($AV$1^2))+(1/($AV$2^2))) -> 3.0428762 | AX136: =((V136/($AV$1^2))+(AJ136/($AV$2^2)))/((1/($AV$1^2))+(1/($AV$2^2))) -> 5.612416 | AY136: =((W136/($AV$1^2))+(AK136/($AV$2^2)))/((1/($AV$1^2))+(1/($AV$2^2))) -> 0 | ... BC136: =((AA136/($AV$1^2))+(AO136/($AV$2^2)))/((1/($AV$1^2))+(1/($AV$2^2))) -> 0 | BE136: 7 | BF136: =((B136/($BI$1^2))+(P136/($AV$1^2))+(AD136/($AV$2^2)))/((1/($BI$1^2))+(1/($AV$1^2))+(1/($AV$2^2))) -> 33.169235 | BG136: =((C136/($BI$1^2))+(Q136/($AV$1^2))+(AE136/($AV$2^2)))/((1/($BI$1^2))+(1/($AV$1^2))+(1/($AV$2^2))) -> 1.1142742 | BH136: =((D136/($BI$1^2))+(R136/($AV$1^2))+(AF136/($AV$2^2)))/((1/($BI$1^2))+(1/($AV$1^2))+(1/($AV$2^2))) -> 25.873468 | BI136: =((E136/($BI$1^2))+(S136/($AV$1^2))+(AG136/($AV$2^2)))/((1/($BI$1^2))+(1/($AV$1^2))+(1/($AV$2^2))) -> 1.6959274 | BJ136: =((F136/($BI$1^2))+(T136/($AV$1^2))+(AH136/($AV$2^2)))/((1/($BI$1^2))+(1/($AV$1^2))+(1/($AV$2^2))) -> 24.979035 | BK136: =((G136/($BI$1^2))+(U136/($AV$1^2))+(AI136/($AV$2^2)))/((1/($BI$1^2))+(1/($AV$1^2))+(1/($AV$2^2))) -> 2.8469756 | BL136: =((H136/($BI$1^2))+(V136/($AV$1^2))+(AJ136/($AV$2^2)))/((1/($BI$1^2))+(1/($AV$1^2))+(1/($AV$2^2))) -> 5.2510884 | BM136: =((I136/($BI$1^2))+(W136/($AV$1^2))+(AK136/($AV$2^2)))/((1/($BI$1^2))+(1/($AV$1^2))+(1/($AV$2^2))) -> 0 | ... BQ136: =((M136/($BI$1^2))+(AA136/($AV$1^2))+(AO136/($AV$2^2)))/((1/($BI$1^2))+(1/($AV$1^2))+(1/($AV$2^2))) -> 0
A137: 8 | B137: =IF('Data 2'!B137<0.1,0,'Data 2'!B137) -> 43.578952 | C137: =IF('Data 2'!C137<0.1,0,'Data 2'!C137) -> 0.52567742 | D137: =IF('Data 2'!D137<0.1,0,'Data 2'!D137) -> 1.0657097 | E137: =IF('Data 2'!E137<0.1,0,'Data 2'!E137) -> 0.82137096 | F137: =IF('Data 2'!F137<0.1,0,'Data 2'!F137) -> 3.1869193 | G137: =IF('Data 2'!G137<0.1,0,'Data 2'!G137) -> 0 | H137: =IF('Data 2'!H137<0.1,0,'Data 2'!H137) -> 0 | I137: =IF('Data 2'!I137<0.1,0,'Data 2'!I137) -> 0 | ... M137: =IF('Data 2'!M137<0.1,0,'Data 2'!M137) -> 10.225839 | O137: 8 | P137: ='Stasiun Pontianak Kota'!Q191 -> 49 | Q137: ='Stasiun Pontianak Kota'!R191 -> 0 | R137: ='Stasiun Pontianak Kota'!S191 -> 1 | S137: ='Stasiun Pontianak Kota'!T191 -> 0 | T137: ='Stasiun Pontianak Kota'!U191 -> 0 | U137: ='Stasiun Pontianak Kota'!V191 -> 0 | V137: ='Stasiun Pontianak Kota'!W191 -> 0 | W137: ='Stasiun Pontianak Kota'!X191 -> 0 | ... AA137: ='Stasiun Pontianak Kota'!AB191 -> 12 | AC137: 8 | AD137: ='Sta. Meteorologi pnk'!B150 -> 32.5 | AE137: ='Sta. Meteorologi pnk'!C150 -> 1.6 | AF137: ='Sta. Meteorologi pnk'!D150 -> 1.2 | AG137: ='Sta. Meteorologi pnk'!E150 -> 2.5 | AH137: ='Sta. Meteorologi pnk'!F150 -> 9.7 | AI137: ='Sta. Meteorologi pnk'!G150 -> 0 | AJ137: ='Sta. Meteorologi pnk'!H150 -> 0 | AK137: ='Sta. Meteorologi pnk'!I150 -> 0 | ... AO137: ='Sta. Meteorologi pnk'!M150 -> 6.6 | AQ137: 8 | AR137: =((P137/($AV$1^2))+(AD137/($AV$2^2)))/((1/($AV$1^2))+(1/($AV$2^2))) -> 37.842787 | AS137: =((Q137/($AV$1^2))+(AE137/($AV$2^2)))/((1/($AV$1^2))+(1/($AV$2^2))) -> 1.0819115 | AT137: =((R137/($AV$1^2))+(AF137/($AV$2^2)))/((1/($AV$1^2))+(1/($AV$2^2))) -> 1.1352389 | AU137: =((S137/($AV$1^2))+(AG137/($AV$2^2)))/((1/($AV$1^2))+(1/($AV$2^2))) -> 1.6904868 | AV137: =((T137/($AV$1^2))+(AH137/($AV$2^2)))/((1/($AV$1^2))+(1/($AV$2^2))) -> 6.5590886 | AW137: =((U137/($AV$1^2))+(AI137/($AV$2^2)))/((1/($AV$1^2))+(1/($AV$2^2))) -> 0 | AX137: =((V137/($AV$1^2))+(AJ137/($AV$2^2)))/((1/($AV$1^2))+(1/($AV$2^2))) -> 0 | AY137: =((W137/($AV$1^2))+(AK137/($AV$2^2)))/((1/($AV$1^2))+(1/($AV$2^2))) -> 0 | ... BC137: =((AA137/($AV$1^2))+(AO137/($AV$2^2)))/((1/($AV$1^2))+(1/($AV$2^2))) -> 8.3485486 | BE137: 8 | BF137: =((B137/($BI$1^2))+(P137/($AV$1^2))+(AD137/($AV$2^2)))/((1/($BI$1^2))+(1/($AV$1^2))+(1/($AV$2^2))) -> 38.561089 | BG137: =((C137/($BI$1^2))+(Q137/($AV$1^2))+(AE137/($AV$2^2)))/((1/($BI$1^2))+(1/($AV$1^2))+(1/($AV$2^2))) -> 1.012258 | BH137: =((D137/($BI$1^2))+(R137/($AV$1^2))+(AF137/($AV$2^2)))/((1/($BI$1^2))+(1/($AV$1^2))+(1/($AV$2^2))) -> 1.1265323 | BI137: =((E137/($BI$1^2))+(S137/($AV$1^2))+(AG137/($AV$2^2)))/((1/($BI$1^2))+(1/($AV$1^2))+(1/($AV$2^2))) -> 1.5816531 | BJ137: =((F137/($BI$1^2))+(T137/($AV$1^2))+(AH137/($AV$2^2)))/((1/($BI$1^2))+(1/($AV$1^2))+(1/($AV$2^2))) -> 6.1368141 | BK137: =((G137/($BI$1^2))+(U137/($AV$1^2))+(AI137/($AV$2^2)))/((1/($BI$1^2))+(1/($AV$1^2))+(1/($AV$2^2))) -> 0 | BL137: =((H137/($BI$1^2))+(V137/($AV$1^2))+(AJ137/($AV$2^2)))/((1/($BI$1^2))+(1/($AV$1^2))+(1/($AV$2^2))) -> 0 | BM137: =((I137/($BI$1^2))+(W137/($AV$1^2))+(AK137/($AV$2^2)))/((1/($BI$1^2))+(1/($AV$1^2))+(1/($AV$2^2))) -> 0 | ... BQ137: =((M137/($BI$1^2))+(AA137/($AV$1^2))+(AO137/($AV$2^2)))/((1/($BI$1^2))+(1/($AV$1^2))+(1/($AV$2^2))) -> 8.5836292
A138: 9 | B138: =IF('Data 2'!B138<0.1,0,'Data 2'!B138) -> 2.2771936 | C138: =IF('Data 2'!C138<0.1,0,'Data 2'!C138) -> 10.864436 | D138: =IF('Data 2'!D138<0.1,0,'Data 2'!D138) -> 13.651032 | E138: =IF('Data 2'!E138<0.1,0,'Data 2'!E138) -> 0 | F138: =IF('Data 2'!F138<0.1,0,'Data 2'!F138) -> 5.1725645 | G138: =IF('Data 2'!G138<0.1,0,'Data 2'!G138) -> 0 | H138: =IF('Data 2'!H138<0.1,0,'Data 2'!H138) -> 0 | I138: =IF('Data 2'!I138<0.1,0,'Data 2'!I138) -> 0 | ... M138: =IF('Data 2'!M138<0.1,0,'Data 2'!M138) -> 26.911645 | O138: 9 | P138: ='Stasiun Pontianak Kota'!Q192 -> 3 | Q138: ='Stasiun Pontianak Kota'!R192 -> 13 | R138: ='Stasiun Pontianak Kota'!S192 -> 8 | S138: ='Stasiun Pontianak Kota'!T192 -> 0 | T138: ='Stasiun Pontianak Kota'!U192 -> 1 | U138: ='Stasiun Pontianak Kota'!V192 -> 0 | V138: ='Stasiun Pontianak Kota'!W192 -> 0 | W138: ='Stasiun Pontianak Kota'!X192 -> 0 | ... AA138: ='Stasiun Pontianak Kota'!AB192 -> 30 | AC138: 9 | AD138: ='Sta. Meteorologi pnk'!B151 -> 0.8 | AE138: ='Sta. Meteorologi pnk'!C151 -> 6.5 | AF138: ='Sta. Meteorologi pnk'!D151 -> 25.2 | AG138: ='Sta. Meteorologi pnk'!E151 -> 0 | AH138: ='Sta. Meteorologi pnk'!F151 -> 13.7 | AI138: ='Sta. Meteorologi pnk'!G151 -> 0 | AJ138: ='Sta. Meteorologi pnk'!H151 -> 0 | AK138: ='Sta. Meteorologi pnk'!I151 -> 0 | ... AO138: ='Sta. Meteorologi pnk'!M151 -> 20.6 | AQ138: 9 | AR138: =((P138/($AV$1^2))+(AD138/($AV$2^2)))/((1/($AV$1^2))+(1/($AV$2^2))) -> 1.5123717 | AS138: =((Q138/($AV$1^2))+(AE138/($AV$2^2)))/((1/($AV$1^2))+(1/($AV$2^2))) -> 8.6047344 | AT138: =((R138/($AV$1^2))+(AF138/($AV$2^2)))/((1/($AV$1^2))+(1/($AV$2^2))) -> 19.630549 | AU138: =((S138/($AV$1^2))+(AG138/($AV$2^2)))/((1/($AV$1^2))+(1/($AV$2^2))) -> 0 | AV138: =((T138/($AV$1^2))+(AH138/($AV$2^2)))/((1/($AV$1^2))+(1/($AV$2^2))) -> 9.5876727 | AW138: =((U138/($AV$1^2))+(AI138/($AV$2^2)))/((1/($AV$1^2))+(1/($AV$2^2))) -> 0 | AX138: =((V138/($AV$1^2))+(AJ138/($AV$2^2)))/((1/($AV$1^2))+(1/($AV$2^2))) -> 0 | AY138: =((W138/($AV$1^2))+(AK138/($AV$2^2)))/((1/($AV$1^2))+(1/($AV$2^2))) -> 0 | ... BC138: =((AA138/($AV$1^2))+(AO138/($AV$2^2)))/((1/($AV$1^2))+(1/($AV$2^2))) -> 23.64377 | BE138: 9 | BF138: =((B138/($BI$1^2))+(P138/($AV$1^2))+(AD138/($AV$2^2)))/((1/($BI$1^2))+(1/($AV$1^2))+(1/($AV$2^2))) -> 1.6081452 | BG138: =((C138/($BI$1^2))+(Q138/($AV$1^2))+(AE138/($AV$2^2)))/((1/($BI$1^2))+(1/($AV$1^2))+(1/($AV$2^2))) -> 8.8877019 | BH138: =((D138/($BI$1^2))+(R138/($AV$1^2))+(AF138/($AV$2^2)))/((1/($BI$1^2))+(1/($AV$1^2))+(1/($AV$2^2))) -> 18.881774 | BI138: =((E138/($BI$1^2))+(S138/($AV$1^2))+(AG138/($AV$2^2)))/((1/($BI$1^2))+(1/($AV$1^2))+(1/($AV$2^2))) -> 0 | BJ138: =((F138/($BI$1^2))+(T138/($AV$1^2))+(AH138/($AV$2^2)))/((1/($BI$1^2))+(1/($AV$1^2))+(1/($AV$2^2))) -> 9.0347979 | BK138: =((G138/($BI$1^2))+(U138/($AV$1^2))+(AI138/($AV$2^2)))/((1/($BI$1^2))+(1/($AV$1^2))+(1/($AV$2^2))) -> 0 | BL138: =((H138/($BI$1^2))+(V138/($AV$1^2))+(AJ138/($AV$2^2)))/((1/($BI$1^2))+(1/($AV$1^2))+(1/($AV$2^2))) -> 0 | BM138: =((I138/($BI$1^2))+(W138/($AV$1^2))+(AK138/($AV$2^2)))/((1/($BI$1^2))+(1/($AV$1^2))+(1/($AV$2^2))) -> 0 | ... BQ138: =((M138/($BI$1^2))+(AA138/($AV$1^2))+(AO138/($AV$2^2)))/((1/($BI$1^2))+(1/($AV$1^2))+(1/($AV$2^2))) -> 24.052984
A139: 10 | B139: =IF('Data 2'!B139<0.1,0,'Data 2'!B139) -> 14.357258 | C139: =IF('Data 2'!C139<0.1,0,'Data 2'!C139) -> 57.06571 | D139: =IF('Data 2'!D139<0.1,0,'Data 2'!D139) -> 1.4456129 | E139: =IF('Data 2'!E139<0.1,0,'Data 2'!E139) -> 0 | F139: =IF('Data 2'!F139<0.1,0,'Data 2'!F139) -> 22.277194 | G139: =IF('Data 2'!G139<0.1,0,'Data 2'!G139) -> 1.0842097 | H139: =IF('Data 2'!H139<0.1,0,'Data 2'!H139) -> 0 | I139: =IF('Data 2'!I139<0.1,0,'Data 2'!I139) -> 0 | ... M139: =IF('Data 2'!M139<0.1,0,'Data 2'!M139) -> 33.0555 | O139: 10 | P139: ='Stasiun Pontianak Kota'!Q193 -> 16 | Q139: ='Stasiun Pontianak Kota'!R193 -> 57 | R139: ='Stasiun Pontianak Kota'!S193 -> 0 | S139: ='Stasiun Pontianak Kota'!T193 -> 0 | T139: ='Stasiun Pontianak Kota'!U193 -> 23 | U139: ='Stasiun Pontianak Kota'!V193 -> 0 | V139: ='Stasiun Pontianak Kota'!W193 -> 0 | W139: ='Stasiun Pontianak Kota'!X193 -> 0 | ... AA139: ='Stasiun Pontianak Kota'!AB193 -> 30 | AC139: 10 | AD139: ='Sta. Meteorologi pnk'!B152 -> 11 | AE139: ='Sta. Meteorologi pnk'!C152 -> 57.2 | AF139: ='Sta. Meteorologi pnk'!D152 -> 4.4 | AG139: ='Sta. Meteorologi pnk'!E152 -> 0 | AH139: ='Sta. Meteorologi pnk'!F152 -> 20.8 | AI139: ='Sta. Meteorologi pnk'!G152 -> 3.3 | AJ139: ='Sta. Meteorologi pnk'!H152 -> 0 | AK139: ='Sta. Meteorologi pnk'!I152 -> 0 | ... AO139: ='Sta. Meteorologi pnk'!M152 -> 39.3 | AQ139: 10 | AR139: =((P139/($AV$1^2))+(AD139/($AV$2^2)))/((1/($AV$1^2))+(1/($AV$2^2))) -> 12.619026 | AS139: =((Q139/($AV$1^2))+(AE139/($AV$2^2)))/((1/($AV$1^2))+(1/($AV$2^2))) -> 57.135239 | AT139: =((R139/($AV$1^2))+(AF139/($AV$2^2)))/((1/($AV$1^2))+(1/($AV$2^2))) -> 2.9752567 | AU139: =((S139/($AV$1^2))+(AG139/($AV$2^2)))/((1/($AV$1^2))+(1/($AV$2^2))) -> 0 | AV139: =((T139/($AV$1^2))+(AH139/($AV$2^2)))/((1/($AV$1^2))+(1/($AV$2^2))) -> 21.512372 | AW139: =((U139/($AV$1^2))+(AI139/($AV$2^2)))/((1/($AV$1^2))+(1/($AV$2^2))) -> 2.2314425 | AX139: =((V139/($AV$1^2))+(AJ139/($AV$2^2)))/((1/($AV$1^2))+(1/($AV$2^2))) -> 0 | AY139: =((W139/($AV$1^2))+(AK139/($AV$2^2)))/((1/($AV$1^2))+(1/($AV$2^2))) -> 0 | ... BC139: =((AA139/($AV$1^2))+(AO139/($AV$2^2)))/((1/($AV$1^2))+(1/($AV$2^2))) -> 36.288611 | BE139: 10 | BF139: =((B139/($BI$1^2))+(P139/($AV$1^2))+(AD139/($AV$2^2)))/((1/($BI$1^2))+(1/($AV$1^2))+(1/($AV$2^2))) -> 12.836694 | BG139: =((C139/($BI$1^2))+(Q139/($AV$1^2))+(AE139/($AV$2^2)))/((1/($BI$1^2))+(1/($AV$1^2))+(1/($AV$2^2))) -> 57.126532 | BH139: =((D139/($BI$1^2))+(R139/($AV$1^2))+(AF139/($AV$2^2)))/((1/($BI$1^2))+(1/($AV$1^2))+(1/($AV$2^2))) -> 2.7837095 | BI139: =((E139/($BI$1^2))+(S139/($AV$1^2))+(AG139/($AV$2^2)))/((1/($BI$1^2))+(1/($AV$1^2))+(1/($AV$2^2))) -> 0 | BJ139: =((F139/($BI$1^2))+(T139/($AV$1^2))+(AH139/($AV$2^2)))/((1/($BI$1^2))+(1/($AV$1^2))+(1/($AV$2^2))) -> 21.608145 | BK139: =((G139/($BI$1^2))+(U139/($AV$1^2))+(AI139/($AV$2^2)))/((1/($BI$1^2))+(1/($AV$1^2))+(1/($AV$2^2))) -> 2.0877821 | BL139: =((H139/($BI$1^2))+(V139/($AV$1^2))+(AJ139/($AV$2^2)))/((1/($BI$1^2))+(1/($AV$1^2))+(1/($AV$2^2))) -> 0 | BM139: =((I139/($BI$1^2))+(W139/($AV$1^2))+(AK139/($AV$2^2)))/((1/($BI$1^2))+(1/($AV$1^2))+(1/($AV$2^2))) -> 0 | ... BQ139: =((M139/($BI$1^2))+(AA139/($AV$1^2))+(AO139/($AV$2^2)))/((1/($BI$1^2))+(1/($AV$1^2))+(1/($AV$2^2))) -> 35.88375
A140: 11 | B140: =IF('Data 2'!B140<0.1,0,'Data 2'!B140) -> 0 | C140: =IF('Data 2'!C140<0.1,0,'Data 2'!C140) -> 0.93429032 | D140: =IF('Data 2'!D140<0.1,0,'Data 2'!D140) -> 1.7371613 | E140: =IF('Data 2'!E140<0.1,0,'Data 2'!E140) -> 0 | F140: =IF('Data 2'!F140<0.1,0,'Data 2'!F140) -> 3.2114839 | G140: =IF('Data 2'!G140<0.1,0,'Data 2'!G140) -> 21.455823 | H140: =IF('Data 2'!H140<0.1,0,'Data 2'!H140) -> 0.26283871 | I140: =IF('Data 2'!I140<0.1,0,'Data 2'!I140) -> 4.0287097 | ... M140: =IF('Data 2'!M140<0.1,0,'Data 2'!M140) -> 13.258694 | O140: 11 | P140: ='Stasiun Pontianak Kota'!Q194 -> 0 | Q140: ='Stasiun Pontianak Kota'!R194 -> 1 | R140: ='Stasiun Pontianak Kota'!S194 -> 2 | S140: ='Stasiun Pontianak Kota'!T194 -> 0 | T140: ='Stasiun Pontianak Kota'!U194 -> 4 | U140: ='Stasiun Pontianak Kota'!V194 -> 23 | V140: ='Stasiun Pontianak Kota'!W194 -> 0 | W140: ='Stasiun Pontianak Kota'!X194 -> 6 | ... AA140: ='Stasiun Pontianak Kota'!AB194 -> 15 | AC140: 11 | AD140: ='Sta. Meteorologi pnk'!B153 -> 0.1 | AE140: ='Sta. Meteorologi pnk'!C153 -> 0.8 | AF140: ='Sta. Meteorologi pnk'!D153 -> 1.2 | AG140: ='Sta. Meteorologi pnk'!E153 -> 0 | AH140: ='Sta. Meteorologi pnk'!F153 -> 1.6 | AI140: ='Sta. Meteorologi pnk'!G153 -> 18.3 | AJ140: ='Sta. Meteorologi pnk'!H153 -> 0.8 | AK140: ='Sta. Meteorologi pnk'!I153 -> 0 | ... AO140: ='Sta. Meteorologi pnk'!M153 -> 9.7 | AQ140: 11 | AR140: =((P140/($AV$1^2))+(AD140/($AV$2^2)))/((1/($AV$1^2))+(1/($AV$2^2))) -> 0.06761947 | AS140: =((Q140/($AV$1^2))+(AE140/($AV$2^2)))/((1/($AV$1^2))+(1/($AV$2^2))) -> 0.86476106 | AT140: =((R140/($AV$1^2))+(AF140/($AV$2^2)))/((1/($AV$1^2))+(1/($AV$2^2))) -> 1.4590442 | AU140: =((S140/($AV$1^2))+(AG140/($AV$2^2)))/((1/($AV$1^2))+(1/($AV$2^2))) -> 0 | AV140: =((T140/($AV$1^2))+(AH140/($AV$2^2)))/((1/($AV$1^2))+(1/($AV$2^2))) -> 2.3771327 | AW140: =((U140/($AV$1^2))+(AI140/($AV$2^2)))/((1/($AV$1^2))+(1/($AV$2^2))) -> 19.821885 | AX140: =((V140/($AV$1^2))+(AJ140/($AV$2^2)))/((1/($AV$1^2))+(1/($AV$2^2))) -> 0.54095576 | AY140: =((W140/($AV$1^2))+(AK140/($AV$2^2)))/((1/($AV$1^2))+(1/($AV$2^2))) -> 1.9428318 | ... BC140: =((AA140/($AV$1^2))+(AO140/($AV$2^2)))/((1/($AV$1^2))+(1/($AV$2^2))) -> 11.416168 | BE140: 11 | BF140: =((B140/($BI$1^2))+(P140/($AV$1^2))+(AD140/($AV$2^2)))/((1/($BI$1^2))+(1/($AV$1^2))+(1/($AV$2^2))) -> 0.059151931 | BG140: =((C140/($BI$1^2))+(Q140/($AV$1^2))+(AE140/($AV$2^2)))/((1/($BI$1^2))+(1/($AV$1^2))+(1/($AV$2^2))) -> 0.87346775 | BH140: =((D140/($BI$1^2))+(R140/($AV$1^2))+(AF140/($AV$2^2)))/((1/($BI$1^2))+(1/($AV$1^2))+(1/($AV$2^2))) -> 1.493871 | BI140: =((E140/($BI$1^2))+(S140/($AV$1^2))+(AG140/($AV$2^2)))/((1/($BI$1^2))+(1/($AV$1^2))+(1/($AV$2^2))) -> 0 | BJ140: =((F140/($BI$1^2))+(T140/($AV$1^2))+(AH140/($AV$2^2)))/((1/($BI$1^2))+(1/($AV$1^2))+(1/($AV$2^2))) -> 2.481613 | BK140: =((G140/($BI$1^2))+(U140/($AV$1^2))+(AI140/($AV$2^2)))/((1/($BI$1^2))+(1/($AV$1^2))+(1/($AV$2^2))) -> 20.026492 | BL140: =((H140/($BI$1^2))+(V140/($AV$1^2))+(AJ140/($AV$2^2)))/((1/($BI$1^2))+(1/($AV$1^2))+(1/($AV$2^2))) -> 0.506129 | BM140: =((I140/($BI$1^2))+(W140/($AV$1^2))+(AK140/($AV$2^2)))/((1/($BI$1^2))+(1/($AV$1^2))+(1/($AV$2^2))) -> 2.2040325 | ... BQ140: =((M140/($BI$1^2))+(AA140/($AV$1^2))+(AO140/($AV$2^2)))/((1/($BI$1^2))+(1/($AV$1^2))+(1/($AV$2^2))) -> 11.646895
A141: 12 | B141: =IF('Data 2'!B141<0.1,0,'Data 2'!B141) -> 0.16427419 | C141: =IF('Data 2'!C141<0.1,0,'Data 2'!C141) -> 6.1438548 | D141: =IF('Data 2'!D141<0.1,0,'Data 2'!D141) -> 16.215629 | E141: =IF('Data 2'!E141<0.1,0,'Data 2'!E141) -> 0 | F141: =IF('Data 2'!F141<0.1,0,'Data 2'!F141) -> 15.963 | G141: =IF('Data 2'!G141<0.1,0,'Data 2'!G141) -> 0 | H141: =IF('Data 2'!H141<0.1,0,'Data 2'!H141) -> 0 | I141: =IF('Data 2'!I141<0.1,0,'Data 2'!I141) -> 0 | ... M141: =IF('Data 2'!M141<0.1,0,'Data 2'!M141) -> 11.351194 | O141: 12 | P141: ='Stasiun Pontianak Kota'!Q195 -> 0 | Q141: ='Stasiun Pontianak Kota'!R195 -> 0 | R141: ='Stasiun Pontianak Kota'!S195 -> 15 | S141: ='Stasiun Pontianak Kota'!T195 -> 0 | T141: ='Stasiun Pontianak Kota'!U195 -> 18 | U141: ='Stasiun Pontianak Kota'!V195 -> 0 | V141: ='Stasiun Pontianak Kota'!W195 -> 0 | W141: ='Stasiun Pontianak Kota'!X195 -> 0 | ... AA141: ='Stasiun Pontianak Kota'!AB195 -> 8 | AC141: 12 | AD141: ='Sta. Meteorologi pnk'!B154 -> 0.5 | AE141: ='Sta. Meteorologi pnk'!C154 -> 18.7 | AF141: ='Sta. Meteorologi pnk'!D154 -> 18.7 | AG141: ='Sta. Meteorologi pnk'!E154 -> 0 | AH141: ='Sta. Meteorologi pnk'!F154 -> 11.8 | AI141: ='Sta. Meteorologi pnk'!G154 -> 0 | AJ141: ='Sta. Meteorologi pnk'!H154 -> 0 | AK141: ='Sta. Meteorologi pnk'!I154 -> 0 | ... AO141: ='Sta. Meteorologi pnk'!M154 -> 18.2 | AQ141: 12 | AR141: =((P141/($AV$1^2))+(AD141/($AV$2^2)))/((1/($AV$1^2))+(1/($AV$2^2))) -> 0.33809735 | AS141: =((Q141/($AV$1^2))+(AE141/($AV$2^2)))/((1/($AV$1^2))+(1/($AV$2^2))) -> 12.644841 | AT141: =((R141/($AV$1^2))+(AF141/($AV$2^2)))/((1/($AV$1^2))+(1/($AV$2^2))) -> 17.50192 | AU141: =((S141/($AV$1^2))+(AG141/($AV$2^2)))/((1/($AV$1^2))+(1/($AV$2^2))) -> 0 | AV141: =((T141/($AV$1^2))+(AH141/($AV$2^2)))/((1/($AV$1^2))+(1/($AV$2^2))) -> 13.807593 | AW141: =((U141/($AV$1^2))+(AI141/($AV$2^2)))/((1/($AV$1^2))+(1/($AV$2^2))) -> 0 | AX141: =((V141/($AV$1^2))+(AJ141/($AV$2^2)))/((1/($AV$1^2))+(1/($AV$2^2))) -> 0 | AY141: =((W141/($AV$1^2))+(AK141/($AV$2^2)))/((1/($AV$1^2))+(1/($AV$2^2))) -> 0 | ... BC141: =((AA141/($AV$1^2))+(AO141/($AV$2^2)))/((1/($AV$1^2))+(1/($AV$2^2))) -> 14.897186 | BE141: 12 | BF141: =((B141/($BI$1^2))+(P141/($AV$1^2))+(AD141/($AV$2^2)))/((1/($BI$1^2))+(1/($AV$1^2))+(1/($AV$2^2))) -> 0.31633063 | BG141: =((C141/($BI$1^2))+(Q141/($AV$1^2))+(AE141/($AV$2^2)))/((1/($BI$1^2))+(1/($AV$1^2))+(1/($AV$2^2))) -> 11.830765 | BH141: =((D141/($BI$1^2))+(R141/($AV$1^2))+(AF141/($AV$2^2)))/((1/($BI$1^2))+(1/($AV$1^2))+(1/($AV$2^2))) -> 17.340847 | BI141: =((E141/($BI$1^2))+(S141/($AV$1^2))+(AG141/($AV$2^2)))/((1/($BI$1^2))+(1/($AV$1^2))+(1/($AV$2^2))) -> 0 | BJ141: =((F141/($BI$1^2))+(T141/($AV$1^2))+(AH141/($AV$2^2)))/((1/($BI$1^2))+(1/($AV$1^2))+(1/($AV$2^2))) -> 14.0775 | BK141: =((G141/($BI$1^2))+(U141/($AV$1^2))+(AI141/($AV$2^2)))/((1/($BI$1^2))+(1/($AV$1^2))+(1/($AV$2^2))) -> 0 | BL141: =((H141/($BI$1^2))+(V141/($AV$1^2))+(AJ141/($AV$2^2)))/((1/($BI$1^2))+(1/($AV$1^2))+(1/($AV$2^2))) -> 0 | BM141: =((I141/($BI$1^2))+(W141/($AV$1^2))+(AK141/($AV$2^2)))/((1/($BI$1^2))+(1/($AV$1^2))+(1/($AV$2^2))) -> 0 | ... BQ141: =((M141/($BI$1^2))+(AA141/($AV$1^2))+(AO141/($AV$2^2)))/((1/($BI$1^2))+(1/($AV$1^2))+(1/($AV$2^2))) -> 14.453145
... A160: 31 | B160: =IF('Data 2'!B160<0.1,0,'Data 2'!B160) -> 1.5770322 | C160: =IF('Data 2'!C160<0.1,0,'Data 2'!C160) -> 0 | D160: =IF('Data 2'!D160<0.1,0,'Data 2'!D160) -> 0 | E160: =IF('Data 2'!E160<0.1,0,'Data 2'!E160) -> 0 | F160: =IF('Data 2'!F160<0.1,0,'Data 2'!F160) -> 12.507177 | G160: =IF('Data 2'!G160<0.1,0,'Data 2'!G160) -> 0 | H160: =IF('Data 2'!H160<0.1,0,'Data 2'!H160) -> 3.7783064 | I160: =IF('Data 2'!I160<0.1,0,'Data 2'!I160) -> 9.3307741 | ... M160: =IF('Data 2'!M160<0.1,0,'Data 2'!M160) -> 0 | O160: 31 | P160: ='Stasiun Pontianak Kota'!Q214 -> 0 | Q160: ='Stasiun Pontianak Kota'!R214 -> 0 | R160: ='Stasiun Pontianak Kota'!S214 -> 0 | S160: ='Stasiun Pontianak Kota'!T214 -> 0 | T160: ='Stasiun Pontianak Kota'!U214 -> 13 | U160: ='Stasiun Pontianak Kota'!V214 -> 0 | V160: ='Stasiun Pontianak Kota'!W214 -> 0 | W160: ='Stasiun Pontianak Kota'!X214 -> 0 | ... AA160: ='Stasiun Pontianak Kota'!AB214 -> 0 | AC160: 31 | AD160: ='Sta. Meteorologi pnk'!B173 -> 4.8 | AE160: ='Sta. Meteorologi pnk'!C173 -> 0 | AF160: ='Sta. Meteorologi pnk'!D173 -> 0 | AG160: ='Sta. Meteorologi pnk'!E173 -> 0 | AH160: ='Sta. Meteorologi pnk'!F173 -> 11.5 | AI160: ='Sta. Meteorologi pnk'!G173 -> 0 | AJ160: ='Sta. Meteorologi pnk'!H173 -> 11.5 | AK160: ='Sta. Meteorologi pnk'!I173 -> 28.4 | ... AO160: ='Sta. Meteorologi pnk'!M173 -> 0 | AQ160: 31 | AR160: =((P160/($AV$1^2))+(AD160/($AV$2^2)))/((1/($AV$1^2))+(1/($AV$2^2))) -> 3.2457346 | AS160: =((Q160/($AV$1^2))+(AE160/($AV$2^2)))/((1/($AV$1^2))+(1/($AV$2^2))) -> 0 | AT160: =((R160/($AV$1^2))+(AF160/($AV$2^2)))/((1/($AV$1^2))+(1/($AV$2^2))) -> 0 | AU160: =((S160/($AV$1^2))+(AG160/($AV$2^2)))/((1/($AV$1^2))+(1/($AV$2^2))) -> 0 | AV160: =((T160/($AV$1^2))+(AH160/($AV$2^2)))/((1/($AV$1^2))+(1/($AV$2^2))) -> 11.985708 | AW160: =((U160/($AV$1^2))+(AI160/($AV$2^2)))/((1/($AV$1^2))+(1/($AV$2^2))) -> 0 | AX160: =((V160/($AV$1^2))+(AJ160/($AV$2^2)))/((1/($AV$1^2))+(1/($AV$2^2))) -> 7.7762391 | AY160: =((W160/($AV$1^2))+(AK160/($AV$2^2)))/((1/($AV$1^2))+(1/($AV$2^2))) -> 19.20393 | ... BC160: =((AA160/($AV$1^2))+(AO160/($AV$2^2)))/((1/($AV$1^2))+(1/($AV$2^2))) -> 0 | BE160: 31 | BF160: =((B160/($BI$1^2))+(P160/($AV$1^2))+(AD160/($AV$2^2)))/((1/($BI$1^2))+(1/($AV$1^2))+(1/($AV$2^2))) -> 3.036774 | BG160: =((C160/($BI$1^2))+(Q160/($AV$1^2))+(AE160/($AV$2^2)))/((1/($BI$1^2))+(1/($AV$1^2))+(1/($AV$2^2))) -> 0 | BH160: =((D160/($BI$1^2))+(R160/($AV$1^2))+(AF160/($AV$2^2)))/((1/($BI$1^2))+(1/($AV$1^2))+(1/($AV$2^2))) -> 0 | BI160: =((E160/($BI$1^2))+(S160/($AV$1^2))+(AG160/($AV$2^2)))/((1/($BI$1^2))+(1/($AV$1^2))+(1/($AV$2^2))) -> 0 | BJ160: =((F160/($BI$1^2))+(T160/($AV$1^2))+(AH160/($AV$2^2)))/((1/($BI$1^2))+(1/($AV$1^2))+(1/($AV$2^2))) -> 12.051008 | BK160: =((G160/($BI$1^2))+(U160/($AV$1^2))+(AI160/($AV$2^2)))/((1/($BI$1^2))+(1/($AV$1^2))+(1/($AV$2^2))) -> 0 | BL160: =((H160/($BI$1^2))+(V160/($AV$1^2))+(AJ160/($AV$2^2)))/((1/($BI$1^2))+(1/($AV$1^2))+(1/($AV$2^2))) -> 7.2756044 | BM160: =((I160/($BI$1^2))+(W160/($AV$1^2))+(AK160/($AV$2^2)))/((1/($BI$1^2))+(1/($AV$1^2))+(1/($AV$2^2))) -> 17.96758 | ... BQ160: =((M160/($BI$1^2))+(AA160/($AV$1^2))+(AO160/($AV$2^2)))/((1/($BI$1^2))+(1/($AV$1^2))+(1/($AV$2^2))) -> 0
A161: Jlh | B161: =SUM(B130:B160) -> 560.10148 | C161: =SUM(C130:C160) -> 322.66124 | D161: =SUM(D130:D160) -> 246.25071 | E161: =SUM(E130:E160) -> 306.64911 | F161: =SUM(F130:F160) -> 433.86444 | G161: =SUM(G130:G160) -> 260.37606 | H161: =SUM(H130:H160) -> 300.64658 | I161: =SUM(I130:I160) -> 19.965226 | ... M161: =SUM(M130:M160) -> 287.26921 | O161: Jlh | P161: =SUM(P130:P160) -> 622 | Q161: =SUM(Q130:Q160) -> 320 | R161: =SUM(R130:R160) -> 236 | S161: =SUM(S130:S160) -> 294 | T161: =SUM(T130:T160) -> 436 | U161: =SUM(U130:U160) -> 245 | V161: =SUM(V130:V160) -> 313 | W161: =SUM(W130:W160) -> 13 | ... AA161: =SUM(AA130:AA160) -> 276 | AC161: Jlh | AD161: =SUM(AD130:AD160) -> 433.8 | AE161: =SUM(AE130:AE160) -> 328.3 | AF161: =SUM(AF130:AF160) -> 267.2 | AG161: =SUM(AG130:AG160) -> 332.5 | AH161: =SUM(AH130:AH160) -> 429.5 | AI161: =SUM(AI130:AI160) -> 291.8 | AJ161: =SUM(AJ130:AJ160) -> 275.7 | AK161: =SUM(AK130:AK160) -> 34.3 | ... AO161: =SUM(AO130:AO160) -> 310.3 | AQ161: Jlh | AR161: =SUM(AR130:AR160) -> 494.74016 | AS161: =SUM(AS130:AS160) -> 325.61242 | AT161: =SUM(AT130:AT160) -> 257.09727 | AU161: =SUM(AU130:AU160) -> 320.0335 | AV161: =SUM(AV130:AV160) -> 431.60473 | AW161: =SUM(AW130:AW160) -> 276.64591 | AX161: =SUM(AX130:AX160) -> 287.77794 | AY161: =SUM(AY130:AY160) -> 27.402947 | ... BC161: =SUM(BC130:BC160) -> 299.19348 | BE161: Jlh | BF161: =SUM(BF130:BF160) -> 502.92492 | BG161: =SUM(BG130:BG160) -> 325.24286 | BH161: =SUM(BH130:BH160) -> 255.73903 | BI161: =SUM(BI130:BI160) -> 318.35746 | BJ161: =SUM(BJ130:BJ160) -> 431.8877 | BK161: =SUM(BK130:BK160) -> 274.60855 | BL161: =SUM(BL130:BL160) -> 289.38939 | BM161: =SUM(BM130:BM160) -> 26.47157 | ... BQ161: =SUM(BQ130:BQ160) -> 297.70028
A162: R maks | B162: =MAX(B130:B160) -> 64.677822 | C162: =MAX(C130:C160) -> 57.06571 | D162: =MAX(D130:D160) -> 34.312274 | E162: =MAX(E130:E160) -> 47.683581 | F162: =MAX(F130:F160) -> 45.65871 | G162: =MAX(G130:G160) -> 56.014355 | H162: =MAX(H130:H160) -> 59.827129 | I162: =MAX(I130:I160) -> 9.3307741 | ... M162: =MAX(M130:M160) -> 37.305903 | O162: R maks | P162: =MAX(P130:P160) -> 85 | Q162: =MAX(Q130:Q160) -> 57 | R162: =MAX(R130:R160) -> 33 | S162: =MAX(S130:S160) -> 58 | T162: =MAX(T130:T160) -> 68 | U162: =MAX(U130:U160) -> 57 | V162: =MAX(V130:V160) -> 80 | W162: =MAX(W130:W160) -> 6 | ... AA162: =MAX(AA130:AA160) -> 40 | AC162: R maks | AD162: =MAX(AD130:AD160) -> 86.5 | AE162: =MAX(AE130:AE160) -> 57.2 | AF162: =MAX(AF130:AF160) -> 51.3 | AG162: =MAX(AG130:AG160) -> 59.4 | AH162: =MAX(AH130:AH160) -> 61.9 | AI162: =MAX(AI130:AI160) -> 71.1 | AJ162: =MAX(AJ130:AJ160) -> 57.2 | AK162: =MAX(AK130:AK160) -> 28.4 | ... AO162: =MAX(AO130:AO160) -> 47.4 | AQ162: R maks | AR162: =MAX(AR130:AR160) -> 75.976328 | AS162: =MAX(AS130:AS160) -> 57.135239 | AT162: =MAX(AT130:AT160) -> 43.107726 | AU162: =MAX(AU130:AU160) -> 53.118177 | AV162: =MAX(AV130:AV160) -> 41.856452 | AW162: =MAX(AW130:AW160) -> 54.971416 | AX162: =MAX(AX130:AX160) -> 52.278159 | AY162: =MAX(AY130:AY160) -> 19.20393 | ... BC162: =MAX(BC130:BC160) -> 41.765788 | BE162: R maks | BF162: =MAX(BF130:BF160) -> 74.561491 | BG162: =MAX(BG130:BG160) -> 57.126532 | BH162: =MAX(BH130:BH160) -> 42.00633 | BI162: =MAX(BI130:BI160) -> 52.273628 | BJ162: =MAX(BJ130:BJ160) -> 40.669435 | BK162: =MAX(BK130:BK160) -> 55.102016 | BL162: =MAX(BL130:BL160) -> 51.616451 | BM162: =MAX(BM130:BM160) -> 17.96758 | ... BQ162: =MAX(BQ130:BQ160) -> 41.008306
A163: I | B163: =SUM(B130:B144) -> 311.62271 | C163: =SUM(C130:C144) -> 183.36332 | D163: =SUM(D130:D144) -> 161.00668 | E163: =SUM(E130:E144) -> 76.712903 | F163: =SUM(F130:F144) -> 257.84755 | G163: =SUM(G130:G144) -> 90.893145 | H163: =SUM(H130:H144) -> 12.882935 | I163: =SUM(I130:I144) -> 5.4373226 | ... M163: =SUM(M130:M144) -> 185.24434 | O163: I | P163: =SUM(P130:P144) -> 391 | Q163: =SUM(Q130:Q144) -> 190 | R163: =SUM(R130:R144) -> 134 | S163: =SUM(S130:S144) -> 57 | T163: =SUM(T130:T144) -> 284 | U163: =SUM(U130:U144) -> 95 | V163: =SUM(V130:V144) -> 14 | W163: =SUM(W130:W144) -> 8 | ... AA163: =SUM(AA130:AA144) -> 186 | AC163: I | AD163: =SUM(AD130:AD144) -> 149.6 | AE163: =SUM(AE130:AE144) -> 169.8 | AF163: =SUM(AF130:AF144) -> 216.2 | AG163: =SUM(AG130:AG144) -> 117 | AH163: =SUM(AH130:AH144) -> 204.4 | AI163: =SUM(AI130:AI144) -> 82.5 | AJ163: =SUM(AJ130:AJ144) -> 10.9 | AK163: =SUM(AK130:AK144) -> 0.2 | ... AO163: =SUM(AO130:AO144) -> 183.7 | AQ163: I | AR163: =SUM(AR130:AR144) -> 227.7666 | AS163: =SUM(AS130:AS144) -> 176.34087 | AT163: =SUM(AT130:AT144) -> 189.5832 | AU163: =SUM(AU130:AU144) -> 97.571682 | AV163: =SUM(AV130:AV144) -> 230.1749 | AW163: =SUM(AW130:AW144) -> 86.547566 | AX163: =SUM(AX130:AX144) -> 11.903796 | AY163: =SUM(AY130:AY144) -> 2.7256813 | ... BC163: =SUM(BC130:BC144) -> 184.44475 | BE163: I | BF163: =SUM(BF130:BF144) -> 238.26735 | BG163: =SUM(BG130:BG144) -> 177.22024 | BH163: =SUM(BH130:BH144) -> 186.00475 | BI163: =SUM(BI130:BI144) -> 94.959675 | BJ163: =SUM(BJ130:BJ144) -> 233.64016 | BK163: =SUM(BK130:BK144) -> 87.091734 | BL163: =SUM(BL130:BL144) -> 12.026408 | BM163: =SUM(BM130:BM144) -> 3.0652422 | ... BQ163: =SUM(BQ130:BQ144) -> 184.54488
A164: II | B164: =SUM(B145:B160) -> 248.47877 | C164: =SUM(C145:C160) -> 139.29792 | D164: =SUM(D145:D160) -> 85.244032 | E164: =SUM(E145:E160) -> 229.93621 | F164: =SUM(F145:F160) -> 176.01689 | G164: =SUM(G145:G160) -> 169.48292 | H164: =SUM(H145:H160) -> 287.76365 | I164: =SUM(I145:I160) -> 14.527903 | ... M164: =SUM(M145:M160) -> 102.02487 | O164: II | P164: =SUM(P145:P160) -> 231 | Q164: =SUM(Q145:Q160) -> 130 | R164: =SUM(R145:R160) -> 102 | S164: =SUM(S145:S160) -> 237 | T164: =SUM(T145:T160) -> 152 | U164: =SUM(U145:U160) -> 150 | V164: =SUM(V145:V160) -> 299 | W164: =SUM(W145:W160) -> 5 | ... AA164: =SUM(AA145:AA160) -> 90 | AC164: II | AD164: =SUM(AD145:AD160) -> 284.2 | AE164: =SUM(AE145:AE160) -> 158.5 | AF164: =SUM(AF145:AF160) -> 51 | AG164: =SUM(AG145:AG160) -> 215.5 | AH164: =SUM(AH145:AH160) -> 225.1 | AI164: =SUM(AI145:AI160) -> 209.3 | AJ164: =SUM(AJ145:AJ160) -> 264.8 | AK164: =SUM(AK145:AK160) -> 34.1 | ... AO164: =SUM(AO145:AO160) -> 126.6 | AQ164: II | AR164: =SUM(AR145:AR160) -> 266.97356 | AS164: =SUM(AS145:AS160) -> 149.27155 | AT164: =SUM(AT145:AT160) -> 67.51407 | AU164: =SUM(AU145:AU160) -> 222.46181 | AV164: =SUM(AV145:AV160) -> 201.42983 | AW164: =SUM(AW145:AW160) -> 190.09835 | AX164: =SUM(AX145:AX160) -> 275.87414 | AY164: =SUM(AY145:AY160) -> 24.677266 | ... BC164: =SUM(BC145:BC160) -> 114.74873 | BE164: II | BF164: =SUM(BF145:BF160) -> 264.65758 | BG164: =SUM(BG145:BG160) -> 148.02262 | BH164: =SUM(BH145:BH160) -> 69.734276 | BI164: =SUM(BI145:BI160) -> 223.39778 | BJ164: =SUM(BJ145:BJ160) -> 198.24754 | BK164: =SUM(BK145:BK160) -> 187.51681 | BL164: =SUM(BL145:BL160) -> 277.36299 | BM164: =SUM(BM145:BM160) -> 23.406328 | ... BQ164: =SUM(BQ145:BQ160) -> 113.1554
